cve_id,description,cvss_score,cvss_version,severity_label,published_date
CVE-2026-1508,"The Court Reservation  WordPress plugin before 1.10.9 does not have CSRF check in place when deleting events, which could allow attackers to make a logged in admin delete them via a CSRF attack",4.3,3.1,MEDIUM,2026-03-10
CVE-2026-3787,A weakness has been identified in UltraVNC 1.6.4.0 on Windows. This affects an unknown function in the library cryptbase.dll of the component Windows Service. This manipulation causes uncontrolled search path. The attack requires local access. A high degree of complexity is needed for the attack. The exploitability is reported as difficult. The vendor was contacted early about this disclosure but did not respond in any way.,7.0,3.1,HIGH,2026-03-08
CVE-2026-30241,"Mercurius is a GraphQL adapter for Fastify. Prior to version 16.8.0, Mercurius fails to enforce the configured queryDepth limit on GraphQL subscription queries received over WebSocket connections. The depth check is correctly applied to HTTP queries and mutations, but subscription queries are parsed and executed without invoking the depth validation. This allows a remote client to submit arbitrarily deeply nested subscription queries over WebSocket, bypassing the intended depth restriction. On schemas with recursive types, this can lead to denial of service through exponential data resolution on each subscription event. This issue has been patched in version 16.8.0.",8.2,3.1,HIGH,2026-03-06
CVE-2026-3022,"Non-relational SQL injection vulnerability (NoSQLi) in the Wakyma web application, specifically in the endpoint 'vets.wakyma.com/hospitalization/generate-hospitalization-summary'. This vulnerability could allow an authenticated user to alter a POST request to the affected endpoint for the purpose of injecting special NoSQL commands, resulting in the attacker being able to obtain customer reports.",6.5,3.1,MEDIUM,2026-03-16
CVE-2026-3089,"Actual Sync Server allows authenticated users to upload files through POST /sync/upload-user-file. In versions prior to 26.3.0, improper validation of the user-controlled x-actual-file-id header means that traversal segments (../) can escape the intended directory and write files outside userFiles.This issue affects prior versions of Actual Sync Server 26.3.0.",6.5,3.1,MEDIUM,2026-03-09
CVE-2026-30981,"iccDEV provides a set of libraries and tools for working with ICC color management profiles. Prior to 2.3.1.5, there is a heap-buffer-overflow read in CIccXmlArrayType<>::DumpArray() causing out-of-bounds read and/or crash. This vulnerability is fixed in 2.3.1.5.",6.1,3.1,MEDIUM,2026-03-10
CVE-2026-4041,A security flaw has been discovered in Tenda i12 1.0.0.6(2204). Impacted is the function vos_strcpy of the file /goform/exeCommand. The manipulation of the argument cmdinput results in stack-based buffer overflow. The attack can be launched remotely. The exploit has been released to the public and may be used for attacks.,8.8,3.1,HIGH,2026-03-12
CVE-2026-3819,A vulnerability has been found in SourceCodester Resort Reservation System 1.0. The affected element is an unknown function of the file /?page=manage_reservation of the component Reservation Management Module. Such manipulation of the argument ID leads to cross site scripting. The attack may be launched remotely. The exploit has been disclosed to the public and may be used.,5.4,3.1,MEDIUM,2026-03-09
CVE-2026-27897,"Vociferous provides cross-platform, offline speech-to-text with local AI refinement. Prior to 4.4.2, the vulnerability exists in src/api/system.py within the export_file route. The application accepts a JSON payload containing a filename and content. While the developer intended for a native UI dialog to handle the file path, the API does not validate the filename string before it is processed by the backends filesystem logic. Because the API is unauthenticated and the CORS configuration in app.py is overly permissive (allow_origins=[""*""] or allowing localhost), an external attacker can bypass the UI entirely. By using directory traversal sequences (../), an attacker can force the app to write arbitrary data to any location accessible by the current user's permissions. This vulnerability is fixed in 4.4.2.",7.1,3.1,HIGH,2026-03-11
CVE-2026-2430,"The Autoptimize plugin for WordPress is vulnerable to Stored Cross-Site Scripting via the lazy-loading image processing in all versions up to, and including, 3.1.14. This is due to the use of an overly permissive regular expression in the `add_lazyload` function that replaces all occurrences of `\ssrc=` in image tags without limiting to the actual attribute. This makes it possible for authenticated attackers, with Contributor-level access and above, to inject arbitrary web scripts in pages that will execute whenever a user accesses an injected page by crafting an image tag where the `src` URL contains a space followed by `src=`, causing the regex to break the HTML structure and promote text inside attribute values into executable HTML attributes.",6.4,3.1,MEDIUM,2026-03-21
CVE-2026-1566,"The LatePoint – Calendar Booking Plugin for Appointments and Events plugin for WordPress is vulnerable to privilege escalation via password reset in all versions up to, and including, 5.2.7. This is due to the plugin allowing users with a LatePoint Agent role, who are creating new customers to set the 'wordpress_user_id' field. This makes it possible for authenticated attackers, with Agent-level access and above, to gain elevated privileges by linking a customer to the arbitrary user ID, including administrators, and then resetting the password.",8.8,3.1,HIGH,2026-03-03
CVE-2026-20046,"A vulnerability in task group assignment for a specific CLI command in Cisco IOS XR Software could allow an authenticated, local attacker to elevate privileges and gain full administrative control of an affected device.

This vulnerability is due to incorrect mapping of a command to task groups within the source code. An attacker with a low-privileged account could exploit this vulnerability by using the CLI command to bypass the task group&ndash;based checks. A successful exploit could allow the attacker to elevate privileges and perform actions on an affected device without authorization checks.",8.8,3.1,HIGH,2026-03-11
CVE-2026-3904,"Calling NSS-backed functions that support caching via nscd may call the 
nscd client side code and in the GNU C Library version 2.36 under high 
load on x86_64 systems, the client may call memcmp on inputs that are 
concurrently modified by other processes or threads and crash.




The nscd client in the GNU C Library uses the memcmp function with 
inputs that may be concurrently modified by another thread, potentially 
resulting in spurious cache misses, which in itself is not a security 
issue.  However in the GNU C Library version 2.36 an optimized 
implementation of memcmp was introduced for x86_64 which could crash 
when invoked with such undefined behaviour, turning this into a 
potential crash of the nscd client and the application that uses it. 
This implementation was backported to the 2.35 branch, making the nscd 
client in that branch vulnerable as well.  Subsequently, the fix for 
this issue was backported to all vulnerable branches in the GNU C 
Library repository.


It is advised that distributions that may have cherry-picked the memcpy 
SSE2 optimization in their copy of the GNU C Library, also apply the fix 
to avoid the potential crash in the nscd client.",6.2,3.1,MEDIUM,2026-03-11
CVE-2026-28541,Permission control vulnerability in the cellular_data module. Impact: Successful exploitation of this vulnerability may affect availability.,5.5,3.1,MEDIUM,2026-03-05
CVE-2026-21004,Improper authentication in Smart Switch prior to version 3.7.69.15 allows adjacent attackers to trigger a denial of service.,6.5,3.1,MEDIUM,2026-03-16
CVE-2025-48634,"In relayoutWindow of WindowManagerService.java, there is a possible tapjack attack due to a missing permission check. This could lead to local escalation of privilege with no additional execution privileges needed. User interaction is not needed for exploitation.",7.3,3.1,HIGH,2026-03-02
CVE-2026-32020,"OpenClaw versions prior to 2026.2.22 contain a path traversal vulnerability in the static file handler that follows symbolic links, allowing out-of-root file reads. Attackers can place symlinks under the Control UI root directory to bypass directory confinement checks and read arbitrary files outside the intended root.",5.5,3.1,MEDIUM,2026-03-19
CVE-2026-22321,"A stack-based buffer overflow in the device's Telnet/SSH CLI login routine occurs when a unauthenticated attacker send an oversized or unexpected username input. An overflow condition crashes the thread handling the login attempt, forcing the session to close. Because other CLI sessions remain unaffected, the impact is limited to a low‑severity availability disruption.",5.3,3.1,MEDIUM,2026-03-18
CVE-2026-1265,IBM InfoSphere Information Server 11.7.0.0 through 11.7.1.6 is vulnerable to writing of sensitive Information in a log file.,5.3,3.1,MEDIUM,2026-03-03
CVE-2026-23258,"In the Linux kernel, the following vulnerability has been resolved:

net: liquidio: Initialize netdev pointer before queue setup

In setup_nic_devices(), the netdev is allocated using alloc_etherdev_mq().
However, the pointer to this structure is stored in oct->props[i].netdev
only after the calls to netif_set_real_num_rx_queues() and
netif_set_real_num_tx_queues().

If either of these functions fails, setup_nic_devices() returns an error
without freeing the allocated netdev. Since oct->props[i].netdev is still
NULL at this point, the cleanup function liquidio_destroy_nic_device()
will fail to find and free the netdev, resulting in a memory leak.

Fix this by initializing oct->props[i].netdev before calling the queue
setup functions. This ensures that the netdev is properly accessible for
cleanup in case of errors.

Compile tested only. Issue found using a prototype static analysis tool
and code review.",5.5,3.1,MEDIUM,2026-03-18
CVE-2026-3409,A security flaw has been discovered in eosphoros-ai db-gpt 0.7.5. Affected is the function importlib.machinery.SourceFileLoader.exec_module of the file /api/v1/serve/awel/flow/import of the component Flow Import Endpoint. Performing a manipulation as part of File results in code injection. The attack may be initiated remotely. The exploit has been released to the public and may be used for attacks. The vendor was contacted early about this disclosure but did not respond in any way.,7.3,3.1,HIGH,2026-03-02
CVE-2026-22471,Deserialization of Untrusted Data vulnerability in maximsecudeal Secudeal Payments for Ecommerce secudeal-payments-for-ecommerce allows Object Injection.This issue affects Secudeal Payments for Ecommerce: from n/a through <= 1.1.,8.8,3.1,HIGH,2026-03-05
CVE-2026-33038,"WWBN AVideo is an open source video platform. Versions 25.0 and below are vulnerable to unauthenticated application takeover through the install/checkConfiguration.php endpoint. install/checkConfiguration.php performs full application initialization: database setup, admin account creation, and configuration file write, all from an unauthenticated POST input. The only guard is checking whether videos/configuration.php already exists. On uninitialized deployments, any remote attacker can complete the installation with attacker-controlled credentials and an attacker-controlled database, gaining full administrative access. This issue has been fixed in version 26.0.",8.1,3.1,HIGH,2026-03-20
CVE-2026-27070,Improper Neutralization of Input During Web Page Generation ('Cross-site Scripting') vulnerability in WPEverest Everest Forms Pro allows Stored XSS.This issue affects Everest Forms Pro: from n/a through 1.9.10.,7.1,3.1,HIGH,2026-03-19
CVE-2026-32237,"Backstage is an open framework for building developer portals. Prior to 3.1.5, authenticated users with permission to execute scaffolder dry-runs can gain access to server-configured environment secrets through the dry-run API response. Secrets are properly redacted in log output but not in all parts of the response payload. Deployments that have configured scaffolder.defaultEnvironment.secrets are affected. This is patched in @backstage/plugin-scaffolder-backend version 3.1.5.",6.5,3.1,MEDIUM,2026-03-12
CVE-2026-33186,"gRPC-Go is the Go language implementation of gRPC. Versions prior to 1.79.3 have an authorization bypass resulting from improper input validation of the HTTP/2 `:path` pseudo-header. The gRPC-Go server was too lenient in its routing logic, accepting requests where the `:path` omitted the mandatory leading slash (e.g., `Service/Method` instead of `/Service/Method`). While the server successfully routed these requests to the correct handler, authorization interceptors (including the official `grpc/authz` package) evaluated the raw, non-canonical path string. Consequently, ""deny"" rules defined using canonical paths (starting with `/`) failed to match the incoming request, allowing it to bypass the policy if a fallback ""allow"" rule was present. This affects gRPC-Go servers that use path-based authorization interceptors, such as the official RBAC implementation in `google.golang.org/grpc/authz` or custom interceptors relying on `info.FullMethod` or `grpc.Method(ctx)`; AND that have a security policy contains specific ""deny"" rules for canonical paths but allows other requests by default (a fallback ""allow"" rule). The vulnerability is exploitable by an attacker who can send raw HTTP/2 frames with malformed `:path` headers directly to the gRPC server. The fix in version 1.79.3 ensures that any request with a `:path` that does not start with a leading slash is immediately rejected with a `codes.Unimplemented` error, preventing it from reaching authorization interceptors or handlers with a non-canonical path string. While upgrading is the most secure and recommended path, users can mitigate the vulnerability using one of the following methods: Use a validating interceptor (recommended mitigation); infrastructure-level normalization; and/or policy hardening.",9.1,3.1,CRITICAL,2026-03-20
CVE-2026-3344,"A vulnerability in WatchGuard Fireware OS may allow an attacker to bypass the Fireware OS filesystem integrity check and maintain limited persistence via a maliciously-crafted firmware update package.This issue affects Fireware OS 12.0 up to and including 12.11.7, 12.5.9 up to and including 12.5.16, and 2025.1 up to and including 2026.1.1.",4.9,3.1,MEDIUM,2026-03-03
CVE-2026-27220,"Acrobat Reader versions 24.001.30307, 24.001.30308, 25.001.21265 and earlier are affected by a Use After Free vulnerability that could result in arbitrary code execution in the context of the current user. Exploitation of this issue requires user interaction in that a victim must open a malicious file.",7.8,3.1,HIGH,2026-03-10
CVE-2026-27233,Adobe Experience Manager versions 6.5.23 and earlier are affected by a stored Cross-Site Scripting (XSS) vulnerability that could be abused by a low-privileged attacker to inject malicious scripts into vulnerable form fields. Malicious JavaScript may be executed in a victim’s browser when they browse to the page containing the vulnerable field.,5.4,3.1,MEDIUM,2026-03-11
CVE-2026-33066,"SiYuan is a personal knowledge management system. In versions 3.6.0 and below, the backend renderREADME function uses lute.New() without calling SetSanitize(true), allowing raw HTML embedded in Markdown to pass through unmodified. The frontend then assigns the rendered HTML to innerHTML without any additional sanitization. A malicious package author can embed arbitrary JavaScript in their README that executes when a user clicks to view the package details. Because SiYuan's Electron configuration enables nodeIntegration: true with contextIsolation: false, this XSS escalates directly to full Remote Code Execution. The issue was patched in version 3.6.1.",9.0,3.1,CRITICAL,2026-03-20
CVE-2026-33012,"Micronaut Framework is a JVM-based full stack Java framework designed for building modular, easily testable JVM applications.  Versions 4.7.0 through 4.10.16 used an unbounded ConcurrentHashMap cache with no eviction policy in its DefaultHtmlErrorResponseBodyProvider. If the application throws an exception whose message may be influenced by an attacker, (for example, including request query value parameters) it could be used by remote attackers to cause an unbounded heap growth and OutOfMemoryError, leading to DoS. This issue has been fixed in version 4.10.7.",7.5,3.1,HIGH,2026-03-20
CVE-2026-21285,"Adobe Commerce versions 2.4.9-alpha3, 2.4.8-p3, 2.4.7-p8, 2.4.6-p13, 2.4.5-p15, 2.4.4-p16 and earlier are affected by an Incorrect Authorization vulnerability that could result in a Security feature bypass. A low-privileged attacker could leverage this vulnerability to bypass security measures and gain limited unauthorized access to a feature. Exploitation of this issue does not require user interaction.",4.3,3.1,MEDIUM,2026-03-11
CVE-2026-31883,"FreeRDP is a free implementation of the Remote Desktop Protocol. Prior to 3.24.0, a size_t underflow in the IMA-ADPCM and MS-ADPCM audio decoders leads to heap-buffer-overflow write via the RDPSND audio channel. In libfreerdp/codec/dsp.c, the IMA-ADPCM and MS-ADPCM decoders subtract block header sizes from a size_t variable without checking for underflow. When nBlockAlign (received from the server) is set such that size % block_size == 0 triggers the header parsing at a point where size is smaller than the header (4 or 8 bytes), the subtraction wraps size to ~SIZE_MAX. The while (size > 0) loop then continues for an astronomical number of iterations. This vulnerability is fixed in 3.24.0.",9.8,3.1,CRITICAL,2026-03-13
CVE-2026-28057,Improper Control of Filename for Include/Require Statement in PHP Program ('PHP Remote File Inclusion') vulnerability in ThemeREX Mandala mandala allows PHP Local File Inclusion.This issue affects Mandala: from n/a through <= 2.8.,8.1,3.1,HIGH,2026-03-05
CVE-2026-32376,Missing Authorization vulnerability in raratheme Kalon kalon allows Exploiting Incorrectly Configured Access Control Security Levels.This issue affects Kalon: from n/a through <= 1.2.9.,5.3,3.1,MEDIUM,2026-03-13
CVE-2026-27491,"Discourse is an open-source discussion platform. Prior to versions 2026.3.0-latest.1, 2026.2.1, and 2026.1.2, a type coercion issue in a post actions API endpoint allowed non-staff users to issue warnings to other users. Warnings are a staff-only moderation feature. The vulnerability required the attacker to be a logged-in user and to send a specifically crafted request. No data exposure or privilege escalation beyond the ability to create unauthorized user warnings was possible. Versions 2026.3.0-latest.1, 2026.2.1, and 2026.1.2 contain a patch. No known workarounds are available.",4.3,3.1,MEDIUM,2026-03-19
CVE-2026-29780,"eml_parser serves as a python module for parsing eml files and returning various information found in the e-mail as well as computed information. Prior to version 2.0.1, the official example script examples/recursively_extract_attachments.py contains a path traversal vulnerability that allows arbitrary file write outside the intended output directory. Attachment filenames extracted from parsed emails are directly used to construct output file paths without any sanitization, allowing an attacker-controlled filename to escape the target directory. This issue has been patched in version 2.0.1.",5.5,3.1,MEDIUM,2026-03-07
CVE-2026-0010,"In onTransact of IDrmManagerService.cpp, there is a possible out of bounds write due to a missing bounds check. This could lead to local escalation of privilege with no additional execution privileges needed. User interaction is not needed for exploitation.",8.4,3.1,HIGH,2026-03-02
CVE-2025-41756,"A low-privileged remote attacker can exploit the ubr-editfile method in wwwubr.cgi, an undocumented and unused API endpoint to write arbitrary files on the system.",8.1,3.1,HIGH,2026-03-09
CVE-2026-32292,"The GL-iNet Comet (GL-RM1) KVM web interface does not limit login requests, enabling brute-force attempts to guess credentials.",7.5,3.1,HIGH,2026-03-17
CVE-2026-2491,"Socomec DIRIS A-40 HTTP API Authentication Bypass Vulnerability. This vulnerability allows network-adjacent attackers to bypass authentication on affected installations of Socomec DIRIS A-40 power monitoring devices. Authentication is not required to exploit this vulnerability.

The specific flaw exists within the web API implementation, which listens on TCP port 80 by default. The issue results from the lack of authentication prior to allowing access to functionality. An attacker can leverage this vulnerability to bypass authentication on the system. Was ZDI-CAN-23993.",6.3,3.0,MEDIUM,2026-03-16
CVE-2026-3965,A security vulnerability has been detected in whyour qinglong up to 2.20.1. Affected is an unknown function of the file back/loaders/express.ts of the component API Interface. The manipulation of the argument command leads to protection mechanism failure. The attack may be initiated remotely. The exploit has been disclosed publicly and may be used. Upgrading to version 2.20.2 is able to address this issue. The identifier of the patch is 6bec52dca158481258315ba0fc2f11206df7b719. It is advisable to upgrade the affected component. The code maintainer was informed beforehand about the issues. He reacted very fast and highly professional.,6.3,3.1,MEDIUM,2026-03-12
CVE-2026-25750,"Langchain Helm Charts are Helm charts for deploying Langchain applications on Kubernetes. Prior to langchain-ai/helm version 0.12.71, a URL parameter injection vulnerability existed in LangSmith Studio that could allow unauthorized access to user accounts through stolen authentication tokens. The vulnerability affected both LangSmith Cloud and self-hosted deployments. Authenticated LangSmith users who clicked on a specially crafted malicious link would have their bearer token, user ID, and workspace ID transmitted to an attacker-controlled server. With this stolen token, an attacker could impersonate the victim and access any LangSmith resources or perform any actions the user was authorized to perform within their workspace. The attack required social engineering (phishing, malicious links in emails or chat applications) to convince users to click the crafted URL. The stolen tokens expired after 5 minutes, though repeated attacks against the same user were possible if they could be convinced to click malicious links multiple times. The fix in version 0.12.71 implements validation requiring user-defined allowed origins for the baseUrl parameter, preventing tokens from being sent to unauthorized servers. No known workarounds are available. Self-hosted customers must upgrade to the patched version.",8.1,3.1,HIGH,2026-03-04
CVE-2026-3973,A vulnerability was determined in Tenda W3 1.0.0.3(2204). This affects the function formSetAutoPing of the file /goform/setAutoPing of the component POST Parameter Handler. This manipulation of the argument ping1/ping2 causes stack-based buffer overflow. The attack is possible to be carried out remotely. The exploit has been publicly disclosed and may be utilized.,8.8,3.1,HIGH,2026-03-12
CVE-2026-28475,"OpenClaw versions prior to 2026.2.13 use non-constant-time string comparison for hook token validation, allowing attackers to infer tokens through timing measurements. Remote attackers with network access to the hooks endpoint can exploit timing side-channels across multiple requests to gradually recover the authentication token.",3.7,3.1,LOW,2026-03-05
CVE-2026-3785,A vulnerability was identified in EasyCMS up to 1.6. The affected element is an unknown function of the file /RbacnodeAction.class.php of the component Request Parameter Handler. The manipulation of the argument _order leads to sql injection. The attack can be initiated remotely. The exploit is publicly available and might be used. The vendor was contacted early about this disclosure but did not respond in any way.,8.8,3.1,HIGH,2026-03-08
CVE-2026-27807,"MarkUs is a web application for the submission and grading of student assignments. Prior to version 2.9.4, MarkUs allows course instructors to upload YAML files to create/update various entities (e.g., assignment settings). These YAML files are parsed with aliases enabled. This issue has been patched in version 2.9.4.",4.9,3.1,MEDIUM,2026-03-06
CVE-2025-70246,Stack buffer overflow vulnerability in D-Link DIR-513 v1.10 via the curTime parameter to goform/formVirtualServ.,7.5,3.1,HIGH,2026-03-10
CVE-2026-4456,Use after free in Digital Credentials API in Google Chrome prior to 146.0.7680.153 allowed a remote attacker who had compromised the renderer process to potentially perform a sandbox escape via a crafted HTML page. (Chromium security severity: High),8.8,3.1,HIGH,2026-03-20
CVE-2026-20443,"In display, there is a possible memory corruption due to use after free. This could lead to local escalation of privilege if a malicious actor has already obtained the System privilege. User interaction is not needed for exploitation. Patch ID: ALPS10436998; Issue ID: MSV-5722.",6.7,3.1,MEDIUM,2026-03-02
CVE-2026-28086,Improper Control of Filename for Include/Require Statement in PHP Program ('PHP Remote File Inclusion') vulnerability in ThemeREX Run Gran run-gran allows PHP Local File Inclusion.This issue affects Run Gran: from n/a through <= 2.0.,8.1,3.1,HIGH,2026-03-05
CVE-2026-3503,"Protection mechanism failure in wolfCrypt post-quantum implementations (ML-KEM and ML-DSA) in wolfSSL on ARM Cortex-M microcontrollers allows a physical attacker to compromise key material and/or cryptographic outcomes via induced transient faults that corrupt or redirect seed/pointer values during Keccak-based expansion.




This issue affects wolfSSL (wolfCrypt): commit hash d86575c766e6e67ef93545fa69c04d6eb49400c6.",5.2,3.1,MEDIUM,2026-03-19
CVE-2026-3725,A flaw has been found in 1024-lab/lab1024 SmartAdmin up to 3.29. Affected by this issue is the function freemarkerResolverContent of the file sa-base/src/main/java/net/lab1024/sa/base/module/support/mail/MailService.java of the component FreeMarker Template Handler. Executing a manipulation of the argument template_content can lead to improper neutralization of special elements used in a template engine. The attack can be launched remotely. The exploit has been published and may be used. The vendor was contacted early about this disclosure but did not respond in any way.,8.8,3.1,HIGH,2026-03-08
CVE-2026-28393,"OpenClaw versions 2.0.0-beta3 prior to 2026.2.14 contain a path traversal vulnerability in hook transform module loading that allows arbitrary JavaScript execution. The hooks.mappings[].transform.module parameter accepts absolute paths and traversal sequences, enabling attackers with configuration write access to load and execute malicious modules with gateway process privileges.",9.8,3.1,CRITICAL,2026-03-05
CVE-2026-28691,"ImageMagick is free and open-source software used for editing and manipulating digital images. Prior to versions 7.1.2-16 and 6.9.13-41, an uninitialized pointer dereference vulnerability exists in the JBIG decoder due to a missing check. This vulnerability is fixed in 7.1.2-16 and 6.9.13-41.",7.5,3.1,HIGH,2026-03-10
CVE-2026-3335,"The Canto plugin for WordPress is vulnerable to Missing Authorization in all versions up to, and including, 3.1.1 via the `/wp-content/plugins/canto/includes/lib/copy-media.php` file. This is due to the file being directly accessible without any authentication, authorization, or nonce checks, and the `fbc_flight_domain` and `fbc_app_api` URL components being accepted as user-supplied POST parameters rather than read from admin-configured options. Since the attacker controls both the destination server and the `fbc_app_token` value, the entire fetch-and-upload chain is attacker-controlled — the server never contacts Canto's legitimate API, and the uploaded file originates entirely from the attacker's infrastructure. This makes it possible for unauthenticated attackers to upload arbitrary files (constrained to WordPress-allowed MIME types) to the WordPress uploads directory. Additional endpoints (`detail.php`, `download.php`, `get.php`, `tree.php`) are also directly accessible without authentication and make requests using a user-supplied `app_api` parameter combined with an admin-configured subdomain.",5.3,3.1,MEDIUM,2026-03-21
CVE-2026-32709,"PX4 autopilot is a flight control solution for drones. Prior to 1.17.0-rc2, An unauthenticated path traversal vulnerability in the PX4 Autopilot MAVLink FTP implementation allows any MAVLink peer to read, write, create, delete, and rename arbitrary files on the flight controller filesystem without authentication. On NuttX targets, the FTP root directory is an empty string, meaning attacker-supplied paths are passed directly to filesystem syscalls with no prefix or sanitization for read operations. On POSIX targets (Linux companion computers, SITL), the write-path validation function unconditionally returns true, providing no protection. A TOCTOU race condition in the write validation on NuttX further allows bypassing the only existing guard. This vulnerability is fixed in 1.17.0-rc2.",6.8,3.1,MEDIUM,2026-03-16
CVE-2026-28064,Improper Control of Filename for Include/Require Statement in PHP Program ('PHP Remote File Inclusion') vulnerability in ThemeREX Edge Decor edge-decor allows PHP Local File Inclusion.This issue affects Edge Decor: from n/a through <= 2.2.,8.1,3.1,HIGH,2026-03-05
CVE-2026-30784,"Missing Authorization, Missing Authentication for Critical Function vulnerability in rustdesk-server RustDesk Server rustdesk-server, rustdesk-server-pro on hbbs/hbbr on all server platforms (Rendezvous server (hbbs), relay server (hbbr) modules) allows Privilege Abuse. This vulnerability is associated with program files src/rendezvous_server.Rs, src/relay_server.Rs and program routines handle_punch_hole_request(), RegisterPeer handler, relay forwarding.

This issue affects RustDesk Server: through 1.7.5, through 1.1.15.",9.8,3.1,CRITICAL,2026-03-05
CVE-2026-3669,A security vulnerability has been detected in Freedom Factory dGEN1 up to 20260221. This impacts the function AlarmService of the component com.dgen.alarm. Such manipulation leads to improper authorization. The attack needs to be performed locally. The exploit has been disclosed publicly and may be used. The vendor was contacted early about this disclosure but did not respond in any way.,5.3,3.1,MEDIUM,2026-03-07
CVE-2026-29859,An arbitrary file upload vulnerability in aaPanel v7.57.0 allows attackers to execute arbitrary code via uploading a crafted file.,9.8,3.1,CRITICAL,2026-03-18
CVE-2026-28014,Improper Control of Filename for Include/Require Statement in PHP Program ('PHP Remote File Inclusion') vulnerability in ThemeREX Translogic translogic allows PHP Local File Inclusion.This issue affects Translogic: from n/a through <= 1.2.11.,8.1,3.1,HIGH,2026-03-05
CVE-2026-30882,"Chamilo LMS is a learning management system. Chamilo LMS version 1.11.34 and prior contains a Reflected Cross-Site Scripting (XSS) vulnerability in the session category listing page. The keyword parameter from $_REQUEST is echoed directly into an HTML href attribute without any encoding or sanitization. An attacker can inject arbitrary HTML/JavaScript by breaking out of the attribute context using "">followed by a malicious payload. The vulnerability is triggered when the pagination controls are rendered — which occurs when the number of session categories exceeds 20 (the page limit). This issue has been patched in version 1.11.36.",6.1,3.1,MEDIUM,2026-03-16
CVE-2026-33230,"NLTK (Natural Language Toolkit) is a suite of open source Python modules, data sets, and tutorials supporting research and development in Natural Language Processing. In versions 3.9.3 and prior, `nltk.app.wordnet_app` contains a reflected cross-site scripting issue in the `lookup_...` route. A crafted `lookup_<payload>` URL can inject arbitrary HTML/JavaScript into the response page because attacker-controlled `word` data is reflected into HTML without escaping. This impacts users running the local WordNet Browser server and can lead to script execution in the browser origin of that application. Commit 1c3f799607eeb088cab2491dcf806ae83c29ad8f fixes the issue.",6.1,3.1,MEDIUM,2026-03-20
CVE-2019-25527,"Inout EasyRooms Ultimate Edition v1.0 contains an SQL injection vulnerability that allows unauthenticated attackers to manipulate database queries by injecting SQL code through the numguest parameter. Attackers can send POST requests to the search/searchdetailed endpoint with malicious SQL payloads to bypass authentication, extract sensitive data, or modify database contents.",9.1,3.1,CRITICAL,2026-03-12
CVE-2026-3543,Inappropriate implementation in V8 in Google Chrome prior to 145.0.7632.159 allowed a remote attacker to potentially perform out of bounds memory access via a crafted HTML page. (Chromium security severity: High),8.8,3.1,HIGH,2026-03-04
CVE-2025-70025,An issue pertaining to CWE-79: Improper Neutralization of Input During Web Page Generation was discovered in benkeen generatedata 4.0.14.,6.1,3.1,MEDIUM,2026-03-10
CVE-2026-3709,A weakness has been identified in code-projects Simple Flight Ticket Booking System 1.0. This affects an unknown function of the file /register.php. Executing a manipulation of the argument Username can lead to sql injection. The attack may be launched remotely. The exploit has been made available to the public and could be used for attacks.,9.8,3.1,CRITICAL,2026-03-08
CVE-2026-26418,Missing authentication and authorization in the web API of Tata Consultancy Services Cognix Recon Client v3.0 allows remote attackers to access application functionality without restriction via the network.,7.5,3.1,HIGH,2026-03-05
CVE-2026-31870,"cpp-httplib is a C++11 single-file header-only cross platform HTTP/HTTPS library. Prior to 0.37.1, when a cpp-httplib client uses the streaming API (httplib::stream::Get, httplib::stream::Post, etc.), the library calls std::stoull() directly on the Content-Length header value received from the server with no input validation and no exception handling. std::stoull throws std::invalid_argument for non-numeric strings and std::out_of_range for values exceeding ULLONG_MAX. Since nothing catches these exceptions, the C++ runtime calls std::terminate(), which kills the process with SIGABRT. Any server the client connects to — including servers reached via HTTP redirects, third-party APIs, or man-in-the-middle positions can crash the client application with a single HTTP response. No authentication is required. No interaction from the end user is required. The crash is deterministic and immediate. This vulnerability is fixed in 0.37.1.",7.5,3.1,HIGH,2026-03-11
CVE-2026-29046,"TinyWeb is a web server (HTTP, HTTPS) written in Delphi for Win32. Prior to version 2.04, TinyWeb accepts request header values and later maps them into CGI environment variables (HTTP_*). The parser did not strictly reject dangerous control characters in header lines and header values, including CR, LF, and NUL, and did not consistently defend against encoded forms such as %0d, %0a, and %00. This can enable header value confusion across parser boundaries and may create unsafe data in the CGI execution context. This issue has been patched in version 2.04.",8.2,3.1,HIGH,2026-03-06
CVE-2015-20121,Next Click Ventures RealtyScript 4.0.2 contains SQL injection vulnerabilities that allow unauthenticated attackers to manipulate database queries by injecting arbitrary SQL code through the GET parameter 'u_id' in /admin/users.php and the POST parameter 'agent[]' in /admin/mailer.php. Attackers can exploit time-based blind SQL injection techniques to extract sensitive database information or cause denial of service through sleep-based payloads.,9.8,3.1,CRITICAL,2026-03-16
CVE-2006-10003,"XML::Parser versions through 2.47 for Perl has an off-by-one heap buffer overflow in st_serial_stack.

In the case (stackptr == stacksize - 1), the stack will NOT be expanded. Then the new value will be written at location (++stackptr), which equals stacksize and therefore falls just outside the allocated buffer.

The bug can be observed when parsing an XML file with very deep element nesting",9.8,3.1,CRITICAL,2026-03-19
CVE-2026-25745,"OpenEMR is a free and open source electronic health records and medical practice management application. In versions up to and including 8.0.0, the message/note update endpoint (e.g. PUT or POST) updates by message/note ID only and does not verify that the message belongs to the current patient (or that the user is allowed to edit that patient’s notes). An authenticated user with notes permission can modify any patient’s messages by supplying another message ID. Commit 92a2ff9eaaa80674b3a934a6556e35e7aded5a41 contains a fix for the issue.",6.5,3.1,MEDIUM,2026-03-18
CVE-2026-32059,"OpenClaw version 2026.2.22-2 prior to 2026.2.23 tools.exec.safeBins validation for sort command fails to properly validate GNU long-option abbreviations, allowing attackers to bypass denied-flag checks via abbreviated options. Remote attackers can execute sort commands with abbreviated long options to skip approval requirements in allowlist mode.",8.8,3.1,HIGH,2026-03-11
CVE-2025-69340,Missing Authorization vulnerability in BuddhaThemes WeDesignTech Ultimate Booking Addon wedesigntech-ultimate-booking-addon allows Exploiting Incorrectly Configured Access Control Security Levels.This issue affects WeDesignTech Ultimate Booking Addon: from n/a through <= 1.0.3.,7.5,3.1,HIGH,2026-03-05
CVE-2026-25188,Heap-based buffer overflow in Windows Telephony Service allows an unauthorized attacker to elevate privileges over an adjacent network.,8.8,3.1,HIGH,2026-03-10
CVE-2026-32450,Improper Neutralization of Input During Web Page Generation ('Cross-site Scripting') vulnerability in RealMag777 Active Products Tables for WooCommerce profit-products-tables-for-woocommerce allows DOM-Based XSS.This issue affects Active Products Tables for WooCommerce: from n/a through <= 1.0.7.,6.5,3.1,MEDIUM,2026-03-13
CVE-2026-0835,"IBM Sterling B2B Integrator and IBM Sterling File Gateway 6.1.0.0 through 6.1.2.7_2, 6.2.0.0 through 6.2.0.5_1, 6.2.1.0 through 6.2.1.1_1, and 6.2.2.0 are vulnerable to cross-site scripting. This vulnerability allows an authenticated user to embed arbitrary JavaScript code in the Web UI thus altering the intended functionality potentially leading to credentials disclosure within a trusted session.",5.4,3.1,MEDIUM,2026-03-13
CVE-2026-27374,Missing Authorization vulnerability in vanquish WooCommerce Order Details woocommerce-order-details allows Exploiting Incorrectly Configured Access Control Security Levels.This issue affects WooCommerce Order Details: from n/a through <= 3.1.,7.5,3.1,HIGH,2026-03-05
CVE-2026-2229,"ImpactThe undici WebSocket client is vulnerable to a denial-of-service attack due to improper validation of the server_max_window_bits parameter in the permessage-deflate extension. When a WebSocket client connects to a server, it automatically advertises support for permessage-deflate compression. A malicious server can respond with an out-of-range server_max_window_bits value (outside zlib's valid range of 8-15). When the server subsequently sends a compressed frame, the client attempts to create a zlib InflateRaw instance with the invalid windowBits value, causing a synchronous RangeError exception that is not caught, resulting in immediate process termination.

The vulnerability exists because:

  *  The isValidClientWindowBits() function only validates that the value contains ASCII digits, not that it falls within the valid range 8-15
  *  The createInflateRaw() call is not wrapped in a try-catch block
  *  The resulting exception propagates up through the call stack and crashes the Node.js process",7.5,3.1,HIGH,2026-03-12
CVE-2026-3729,A vulnerability was identified in Tenda F453 1.0.0.3/3.As. Impacted is the function fromPptpUserAdd of the file /goform/PPTPDClient. Such manipulation of the argument username/opttype leads to stack-based buffer overflow. The attack can be executed remotely. The exploit is publicly available and might be used.,8.8,3.1,HIGH,2026-03-08
CVE-2026-32817,"Admidio is an open-source user management solution. In versions 5.0.0 through 5.0.6, the documents and files module does not verify whether the current user has permission to delete folders or files. The folder_delete and file_delete action handlers in modules/documents-files.php only perform a VIEW authorization check (getFolderForDownload / getFileForDownload) before calling delete(), and they never validate a CSRF token. Because the target UUIDs are read from $_GET, deletion can be triggered by a plain HTTP GET request. When the module is in public mode (documents_files_module_enabled = 1) and a folder is marked public (fol_public = true), an unauthenticated attacker can permanently destroy the entire document library. Even when the module requires login, any user with view-only access can delete content they are only permitted to read. This issue has been fixed in version 5.0.7.",9.1,3.1,CRITICAL,2026-03-20
CVE-2026-22732,"When applications specify HTTP response headers for servlet applications using Spring Security, there is the possibility that the HTTP Headers will not be written. 
This issue affects Spring Security Servlet applications using lazy (default) writing of HTTP Headers:

: from 5.7.0 through 5.7.21, from 5.8.0 through 5.8.23, from 6.3.0 through 6.3.14, from 6.4.0 through 6.4.14, from 6.5.0 through 6.5.8, from 7.0.0 through 7.0.3.",9.1,3.1,CRITICAL,2026-03-19
CVE-2026-29120,"The /root/anaconda-ks.cfg installation configuration file in International Datacasting Corporation (IDC) SFX Series(SFX2100) SuperFlex Satellite Receiver insecurely stores the hardcoded root password hash. The password itself is highly insecure and susceptible to offline dictionary attacks using the rockyou.txt wordlist. Because direct root SSH login is disabled, an attacker must first obtain low-privileged access to the system (e.g., via other vulnerabilities) to be able to log in as the root user. The password is hardcoded and so allows for an actor with local access on effected versions to escalate to root",7.8,3.1,HIGH,2026-03-04
CVE-2026-3611,"The Honeywell IQ4x building management controller, exposes its full web-based HMI without authentication in its factory-default configuration. With no user module configured, security is disabled by design and the system operates under a System Guest (level 100) context, granting read/write privileges to any party able to reach the HTTP interface. Authentication controls are only enforced after a web user is created via U.htm, which dynamically enables the user module. Because this function is accessible prior to authentication, a remote user can create a new account with administrative read/write permissions enabling the user module and imposing authentication under attacker-controlled credentials. This action can effectively lock legitimate operators out of local and web-based configuration and administration.",10.0,3.1,CRITICAL,2026-03-12
CVE-2026-23815,A vulnerability in a custom binary used in AOS-CX Switches' CLI could allow an authenticated remote attacker with high privileges to perform command injection. Successful exploitation could allow an attacker to execute unauthorized commands.,7.2,3.1,HIGH,2026-03-11
CVE-2026-30834,"PinchTab is a standalone HTTP server that gives AI agents direct control over a Chrome browser. Prior to version 0.7.7, a Server-Side Request Forgery (SSRF) vulnerability in the /download endpoint allows any user with API access to induce the PinchTab server to make requests to arbitrary URLs, including internal network services and local system files, and exfiltrate the full response content. This issue has been patched in version 0.7.7.",7.5,3.1,HIGH,2026-03-07
CVE-2024-55021,"Weintek cMT-3072XH2 easyweb v2.1.53, OS v20231011 was discovered to contain a hardcoded password in the FTP protocol.",7.5,3.1,HIGH,2026-03-03
CVE-2026-21732,"A web page that contains unusual GPU shader code is loaded into the GPU compiler process and can trigger a write out-of-bounds write crash in the GPU shader compiler library. On certain platforms, when the compiler process has system privileges this could enable further exploits on the device.



An edge case using a very large value in switch statements in GPU shader code can cause a segmentation fault in the GPU shader compiler due to an out-of-bounds write access.",9.6,3.1,CRITICAL,2026-03-20
CVE-2026-27214,"Substance3D - Painter versions 11.1.2 and earlier are affected by a NULL Pointer Dereference vulnerability that could lead to application denial-of-service. An attacker could exploit this vulnerability to crash the application, causing disruption to services. Exploitation of this issue requires user interaction in that a victim must open a malicious file.",5.5,3.1,MEDIUM,2026-03-10
CVE-2026-22316,"A remote attacker with user privileges for the webUI can use the setting of the TFTP Filename with a POST Request to trigger a stack-based Buffer Overflow, resulting in a DoS attack.",6.5,3.1,MEDIUM,2026-03-18
CVE-2019-25510,Jettweb PHP Hazir Haber Sitesi Scripti V2 contains an authentication bypass vulnerability in the administration panel that allows unauthenticated attackers to gain administrative access by exploiting improper SQL query validation. Attackers can submit SQL injection payloads in the username and password fields of the admingiris.php login form to bypass authentication and access the administrative interface.,9.8,3.1,CRITICAL,2026-03-12
CVE-2026-4008,A flaw has been found in Tenda W3 1.0.0.3(2204). This issue affects some unknown processing of the file /goform/wifiSSIDset of the component POST Parameter Handler. Executing a manipulation of the argument index/GO can lead to stack-based buffer overflow. It is possible to launch the attack remotely. The exploit has been published and may be used.,8.8,3.1,HIGH,2026-03-12
CVE-2026-28457,OpenClaw versions prior to 2026.2.14 contain a path traversal vulnerability in sandbox skill mirroring (must be enabled) that uses the skill frontmatter name parameter unsanitized when copying skills into the sandbox workspace. Attackers who provide a crafted skill package with traversal sequences like ../ or absolute paths in the name field can write files outside the sandbox workspace root directory.,7.9,3.1,HIGH,2026-03-05
CVE-2025-63910,An authenticated arbitrary file upload vulnerability in Cohesity TranZman Migration Appliance Release 4.0 Build 14614 allows attackers with Administrator privileges to execute arbitrary code via uploading a crafted patch file.,7.2,3.1,HIGH,2026-03-03
CVE-2026-3807,A security vulnerability has been detected in Tenda FH1202 1.2.0.14(408). Impacted is the function formWrlsafeset of the file /goform/AdvSetWrlsafeset. Such manipulation of the argument mit_ssid/mit_ssid_index leads to stack-based buffer overflow. The attack can be launched remotely. The exploit has been disclosed publicly and may be used.,8.8,3.1,HIGH,2026-03-09
CVE-2026-28787,"OneUptime is a solution for monitoring and managing online services. In version 10.0.11 and prior, the WebAuthn authentication implementation does not store the challenge on the server side. Instead, the challenge is returned to the client and accepted back from the client request body during verification. This violates the WebAuthn specification (W3C Web Authentication Level 2, §13.4.3) and allows an attacker who has obtained a valid WebAuthn assertion (e.g., via XSS, MitM, or log exposure) to replay it indefinitely, completely bypassing the second-factor authentication. No known patches are available.",9.0,3.1,CRITICAL,2026-03-06
CVE-2026-29068,"PJSIP is a free and open source multimedia communication library written in C. Prior to version 2.17, there is a stack buffer overflow vulnerability when pjmedia-codec parses an RTP payload contain more frames than the caller-provided frames can hold. This issue has been patched in version 2.17.",7.5,3.1,HIGH,2026-03-06
CVE-2026-2294,"The UiPress lite | Effortless custom dashboards, admin themes and pages plugin for WordPress is vulnerable to unauthorized modification of data due to a missing capability check on the 'uip_save_global_settings' function in all versions up to, and including, 3.5.09. This makes it possible for authenticated attackers, with Subscriber-level access and above, to change arbitrary plugin settings.",4.3,3.1,MEDIUM,2026-03-21
CVE-2016-20026,ZKTeco ZKBioSecurity 3.0 contains hardcoded credentials in the bundled Apache Tomcat server that allow unauthenticated attackers to access the manager application. Attackers can authenticate with hardcoded credentials stored in tomcat-users.xml to upload malicious WAR archives containing JSP applications and execute arbitrary code with SYSTEM privileges.,9.8,3.1,CRITICAL,2026-03-16
CVE-2026-31886,"Dagu is a workflow engine with a built-in Web user interface. Prior to 2.2.4, the dagRunId request field accepted by the inline DAG execution endpoints is passed directly into filepath.Join to construct a temporary directory path without any format validation. Go's filepath.Join resolves .. segments lexically, so a caller can supply a value such as "".."" to redirect the computed directory outside the intended /tmp/<name>/<id> path. A deferred cleanup function that calls os.RemoveAll on that directory then runs unconditionally when the HTTP handler returns, deleting whatever directory the traversal resolved to. With dagRunId set to "".."", the resolved directory is the system temporary directory (/tmp on Linux). On non-root deployments, os.RemoveAll(""/tmp"") removes all files in /tmp owned by the dagu process user, disrupting every concurrent dagu run that has live temp files. On root or Docker deployments, the call removes the entire contents of /tmp, causing a system-wide denial of service. This vulnerability is fixed in 2.2.4.",7.6,3.1,HIGH,2026-03-13
CVE-2026-28342,"OliveTin gives access to predefined shell commands from a web interface. Prior to version 3000.10.2, the PasswordHash API endpoint allows unauthenticated users to trigger excessive memory allocation by sending concurrent password hashing requests. By issuing multiple parallel requests, an attacker can exhaust available container memory, leading to service degradation or complete denial of service (DoS). The issue occurs because the endpoint performs computationally and memory-intensive hashing operations without request throttling, authentication requirements, or resource limits. This issue has been patched in version 3000.10.2.",7.5,3.1,HIGH,2026-03-05
CVE-2025-13995,IBM QRadar SIEM 7.5.0 through 7.5.0 Update Package 14 could allow an attacker with access to one tenant to access hostname data from another tenant's account.,5.0,3.1,MEDIUM,2026-03-19
CVE-2025-61615,"In nr modem, there is a possible system crash due to improper input validation. This could lead to remote denial of service with no additional execution  privileges needed.",7.5,3.1,HIGH,2026-03-09
CVE-2026-32609,"Glances is an open-source system cross-platform monitoring tool. The GHSA-gh4x fix (commit 5d3de60) addressed unauthenticated configuration secrets exposure on the `/api/v4/config` endpoints by introducing `as_dict_secure()` redaction. However, the `/api/v4/args` and `/api/v4/args/{item}` endpoints were not addressed by this fix. These endpoints return the complete command-line arguments namespace via `vars(self.args)`, which includes the password hash (salt + pbkdf2_hmac), SNMP community strings, SNMP authentication keys, and the configuration file path. When Glances runs without `--password` (the default), these endpoints are accessible without any authentication. Version 4.5.2 provides a more complete fix.",7.5,3.1,HIGH,2026-03-18
CVE-2024-14026,"A command injection vulnerability has been reported to affect several QNAP operating system versions. If an attacker gains local network access who have also gained a user account, they can then exploit the vulnerability to execute arbitrary commands.

We have already fixed the vulnerability in the following versions:
QTS 5.1.9.2954 build 20241120 and later
QTS 5.2.3.3006 build 20250108 and later
QuTS hero h5.1.9.2954 build 20241120 and later
QuTS hero h5.2.3.3006 build 20250108 and later",7.8,3.1,HIGH,2026-03-11
CVE-2026-3967,A flaw has been found in Alfresco Activiti up to 7.19/8.8.0. Affected by this issue is the function deserialize/createObjectInputStream of the file activiti-core/activiti-engine/src/main/java/org/activiti/engine/impl/variable/SerializableType.java of the component Process Variable Serialization System. This manipulation causes deserialization. Remote exploitation of the attack is possible. The exploit has been published and may be used. The vendor was contacted early about this disclosure but did not respond in any way.,6.3,3.1,MEDIUM,2026-03-12
CVE-2026-32752,"FreeScout is a free help desk and shared inbox built with PHP's Laravel framework. In versions 1.8.208 and below, the ThreadPolicy::edit() method contains a broken access control vulnerability that allows any authenticated user (regardless of role or mailbox access) to read and modify all customer-created thread messages across all mailboxes. This flaw enables silent modification of customer messages (evidence tampering), bypasses the entire mailbox permission model, and constitutes a GDPR/compliance violation. The issue has been fixed in version 1.8.209.",8.1,3.1,HIGH,2026-03-19
CVE-2026-0655,Improper Limitation of a Pathname to a Restricted Directory ('Path Traversal') vulnerability in TP-Link Deco BE25 v1.0 (web modules) allows authenticated adjacent attacker to read arbitrary files or cause denial of service.  This issue affects Deco BE25 v1.0: through 1.1.1 Build 20250822.,8.0,3.1,HIGH,2026-03-02
CVE-2026-28681,"Internet Routing Registry daemon version 4 is an IRR database server, processing IRR objects in the RPSL format. From version 4.4.0 to before version 4.4.5 and from version 4.5.0 to before version 4.5.1, an attacker can manipulate the HTTP Host header on a password reset or account creation request. The confirmation link in the resulting email can then point to an attacker-controlled domain. Opening the link in the email is sufficient to pass the token to the attacker, who can then use it on the real IRRD instance to take over the account. A compromised account can then be used to modify RPSL objects maintained by the account's mntners and perform other account actions. If the user had two-factor authentication configured, which is required for users with override access, an attacker is not able to log in, even after successfully resetting the password. This issue has been patched in versions 4.4.5 and 4.5.1.",8.1,3.1,HIGH,2026-03-06
CVE-2025-48619,"In multiple functions of ContentProvider.java, there is a possible way for an app with read-only access to truncate files due to a logic error in the code. This could lead to local escalation of privilege with no additional execution privileges needed. User interaction is not needed for exploitation.",8.4,3.1,HIGH,2026-03-02
CVE-2019-25464,"InputMapper 1.6.10 contains a buffer overflow vulnerability in the username field that allows local attackers to crash the application by entering an excessively long string. Attackers can trigger a denial of service by copying a large payload into the username field and double-clicking to process it, causing the application to crash.",5.5,3.1,MEDIUM,2026-03-11
CVE-2026-28508,"Idno is a social publishing platform. Prior to version 1.6.4, a logic error in the API authentication flow causes the CSRF protection on the URL unfurl service endpoint to be trivially bypassed by any unauthenticated remote attacker. Combined with the absence of a login requirement on the endpoint itself, this allows an attacker to force the server to make arbitrary outbound HTTP requests to any host, including internal network addresses and cloud instance metadata services, and retrieve the response content. This issue has been patched in version 1.6.4.",8.6,3.1,HIGH,2026-03-06
CVE-2026-32290,The GL-iNet Comet (GL-RM1) KVM before version 1.8.2 does not sufficiently verify the authenticity of uploaded firmware files. An attacker-in-the-middle or a compromised update server could modify the firmware and the corresponding MD5 hash to pass verification.,4.7,3.1,MEDIUM,2026-03-17
CVE-2025-8899,"The Paid Videochat Turnkey Site – HTML5 PPV Live Webcams plugin for WordPress is vulnerable to Privilege Escalation in all versions up to, and including, 7.3.20. This is due to videowhisper_register_form() function not restricting user roles that can be set during registration. This makes it possible for authenticated attackers, with Author-level access and above, to create posts/pages with the registration form and administrator set as the role and subsequently use that form to register an administrator account. This can also be exploited by contributors, but is far less likely to be successful because an administrator would need to approve the form with the administrator role for the attack to be successful.",8.8,3.1,HIGH,2026-03-07
CVE-2025-55289,"Chamilo is a learning management system. Prior to version 1.11.34, there is a stored XSS vulnerability in Chamilo LMS (Verison 1.11.32) allows an attacker to inject arbitrary JavaScript into the platform’s social network and internal messaging features. When viewed by an authenticated user (including administrators), the payload executes in their browser within the LMS context. This enables full account takeover via session hijacking, unauthorized actions with the victim’s privileges, exfiltration of sensitive data, and potential self-propagation to other users. This issue has been patched in version 1.11.34.",9.0,3.1,CRITICAL,2026-03-06
CVE-2025-48635,"In multiple functions of TaskFragmentOrganizerController.java, there is a possible activity token leak due to a logic error in the code. This could lead to local escalation of privilege with no additional execution privileges needed. User interaction is not needed for exploitation.",7.7,3.1,HIGH,2026-03-02
CVE-2026-23659,Exposure of sensitive information to an unauthorized actor in Azure Data Factory allows an unauthorized attacker to disclose information over a network.,7.5,3.1,HIGH,2026-03-19
CVE-2019-25498,Simple Job Script contains an SQL injection vulnerability that allows unauthenticated attackers to manipulate database queries by injecting SQL code through the landing_location parameter. Attackers can send POST requests to the searched endpoint with malicious SQL payloads to bypass authentication and extract sensitive database information.,8.2,3.1,HIGH,2026-03-04
CVE-2025-62879,"A vulnerability has been identified within the Rancher Backup Operator, resulting in the leakage of S3 tokens (both accessKey and secretKey) into the rancher-backup-operator pod's logs.",4.9,3.1,MEDIUM,2026-03-04
CVE-2026-4445,Use after free in WebRTC in Google Chrome prior to 146.0.7680.153 allowed a remote attacker to potentially exploit heap corruption via a crafted HTML page. (Chromium security severity: High),8.8,3.1,HIGH,2026-03-20
CVE-2025-55041,"MuraCMS through 10.1.10 contains a CSRF vulnerability in the Add To Group functionality for user management (cUsers.cfc addToGroup method) that allows attackers to escalate privileges by adding any user to any group without proper authorization checks. The vulnerable function lacks CSRF token validation and directly processes user-supplied userId and groupId parameters via getUserManager().createUserInGorup(), enabling malicious websites to forge requests that automatically execute when an authenticated administrator visits a crafted page. Adding a user to the Super Admins group (s2 user) is not possible. Successful exploitation results in the attacker gaining privilege escalation both horizontally to other groups and vertically to the admin group. Escalation to the s2 User group is not possible.",8.0,3.1,HIGH,2026-03-18
CVE-2026-28725,"Sensitive information disclosure due to improper configuration of a headless browser. The following products are affected: Acronis Cyber Protect 17 (Linux, Windows) before build 41186.",5.5,3.0,MEDIUM,2026-03-06
CVE-2026-32829,"lz4_flex is a pure Rust implementation of LZ4 compression/decompression. In versions 0.11.5 and below, and 0.12.0,  decompressing invalid LZ4 data can leak sensitive information from uninitialized memory or from previous decompression operations. The library fails to properly validate offset values during LZ4 ""match copy operations,"" allowing out-of-bounds reads from the output buffer. The block-based API functions (`decompress_into`, `decompress_into_with_dict`, and others when `safe-decode` is disabled) are affected, while all frame APIs are unaffected. The impact is potential exposure of sensitive data and secrets through crafted or malformed LZ4 input. This issue has been fixed in versions 0.11.6 and 0.12.1.",7.5,3.1,HIGH,2026-03-20
CVE-2026-22408,Improper Control of Filename for Include/Require Statement in PHP Program ('PHP Remote File Inclusion') vulnerability in Mikado-Themes Justicia justicia allows PHP Local File Inclusion.This issue affects Justicia: from n/a through <= 1.2.,8.1,3.1,HIGH,2026-03-05
CVE-2026-33140,"PySpector is a static analysis security testing (SAST) Framework engineered for modern Python development workflows. PySpector versions 0.1.6 and prior are affected by a stored Cross-Site Scripting (XSS) vulnerability in the HTML report generator. When PySpector scans a Python file containing JavaScript payloads (i.e. inside a string passed to eval() ), the flagged code snippet is interpolated into the HTML report without sanitization. Opening the generated report in a browser causes the embedded JavaScript to execute in the browser's local file context. This issue has been patched in version 0.1.7.",6.1,3.1,MEDIUM,2026-03-20
CVE-2026-3724,A weakness has been identified in SourceCodester Patients Waiting Area Queue Management System 1.0. This impacts an unknown function of the file /checkin.php. This manipulation of the argument patient_id causes improper authorization. It is possible to initiate the attack remotely. The exploit has been made available to the public and could be used for attacks.,8.8,3.1,HIGH,2026-03-08
CVE-2026-28092,Improper Control of Filename for Include/Require Statement in PHP Program ('PHP Remote File Inclusion') vulnerability in ThemeREX Sounder sounder allows PHP Local File Inclusion.This issue affects Sounder: from n/a through <= 1.3.11.,8.1,3.1,HIGH,2026-03-05
CVE-2025-66944,SQL Injection vulnerability in vran-dev databaseir v.1.0.7 and before allows a remote attacker to execute arbitrary code via the query parameter in the search API endpoint,9.8,3.1,CRITICAL,2026-03-04
CVE-2026-23247,"In the Linux kernel, the following vulnerability has been resolved:

tcp: secure_seq: add back ports to TS offset

This reverts 28ee1b746f49 (""secure_seq: downgrade to per-host timestamp offsets"")

tcp_tw_recycle went away in 2017.

Zhouyan Deng reported off-path TCP source port leakage via
SYN cookie side-channel that can be fixed in multiple ways.

One of them is to bring back TCP ports in TS offset randomization.

As a bonus, we perform a single siphash() computation
to provide both an ISN and a TS offset.",5.5,3.1,MEDIUM,2026-03-18
CVE-2026-3766,A security flaw has been discovered in SourceCodester Web-based Pharmacy Product Management System 1.0. This impacts an unknown function of the file edit-profile.php. Performing a manipulation of the argument fullname results in cross site scripting. The attack may be initiated remotely. The exploit has been released to the public and may be used for attacks.,5.4,3.1,MEDIUM,2026-03-08
CVE-2026-3512,The Writeprint Stylometry plugin for WordPress is vulnerable to Reflected Cross-Site Scripting via the 'p' GET parameter in all versions up to and including 0.1. This is due to insufficient input sanitization and output escaping in the bjl_wprintstylo_comments_nav() function. The function directly outputs the $_GET['p'] parameter into an HTML href attribute without any escaping. This makes it possible for authenticated attackers with Contributor-level permissions or higher to inject arbitrary web scripts in pages that execute if they can successfully trick another user into performing an action such as clicking on a link.,6.1,3.1,MEDIUM,2026-03-18
CVE-2026-3542,Inappropriate implementation in WebAssembly in Google Chrome prior to 145.0.7632.159 allowed a remote attacker to perform out of bounds memory access via a crafted HTML page. (Chromium security severity: High),8.8,3.1,HIGH,2026-03-04
CVE-2026-30825,"hoppscotch is an open source API development ecosystem. Prior to version 2026.2.1, the DELETE /v1/access-tokens/revoke endpoint allows any authenticated user to delete any other user's PAT by providing its ID, with no ownership verification. This issue has been patched in version 2026.2.1.",6.5,3.1,MEDIUM,2026-03-07
CVE-2025-65465,"A reflected Cross-Site Scripting (XSS) vulnerability in the RaiseError function of Skrol29 TbsZip version 2.17 and earlier allows remote attackers to execute arbitrary web script or HTML via a crafted payload in a filename parameter (e.g., to the FileRead function). This occurs because the error message is not properly sanitized before being output to the user. This vulnerability is fixed in version 2.18.",6.1,3.1,MEDIUM,2026-03-02
CVE-2026-29195,"Netmaker makes networks with WireGuard. Prior to version 1.5.0, the user update handler (PUT /api/users/{username}) lacks validation to prevent an admin-role user from assigning the super-admin role during account updates. While the code correctly blocks an admin from assigning the admin role to another user, it does not include an equivalent check for the super-admin role. This issue has been patched in version 1.5.0.",6.5,3.1,MEDIUM,2026-03-07
CVE-2026-3959,"A vulnerability was found in 0xKoda WireMCP up to 7f45f8b2b4adeb76be8c6227eefb38533fdd6b1e. Impacted is the function server.tool of the file index.js of the component Tshark CLI Command Handler. The manipulation results in os command injection. The attack needs to be approached locally. The exploit has been made public and could be used. This product utilizes a rolling release system for continuous delivery, and as such, version information for affected or updated releases is not disclosed. The project was informed of the problem early through an issue report but has not responded yet.",5.3,3.1,MEDIUM,2026-03-11
CVE-2026-1267,IBM Planning Analytics Local 2.1.0 through 2.1.17 could allow an unauthorized access to sensitive application data and administrative functionalities due to lack of proper access controls.,6.5,3.1,MEDIUM,2026-03-17
CVE-2026-32313,"xmlseclibs is a library written in PHP for working with XML Encryption and Signatures. Prior to 3.1.5, XML nodes encrypted with either aes-128-gcm, aes-192-gcm, or aes-256-gcm lack validation of the authentication tag length. An attacker can use this to brute-force an authentication tag, recover the GHASH key, and decrypt the encrypted nodes. It also allows to forge arbitrary ciphertexts without knowing the encryption key. This vulnerability is fixed in 3.1.5.",8.2,3.1,HIGH,2026-03-16
CVE-2026-4237,A flaw has been found in itsourcecode Free Hotel Reservation System 1.0. This vulnerability affects unknown code of the file /hotel/admin/mod_reports/index.php. Executing a manipulation of the argument Home can lead to sql injection. The attack may be performed from remote. The exploit has been published and may be used.,7.3,3.1,HIGH,2026-03-16
CVE-2026-32126,"OpenEMR is a free and open source electronic health records and medical practice management application. Prior to 8.0.0.1, an inverted boolean condition in ControllerRouter::route() causes the admin/super ACL check to be enforced only for controllers that already have their own internal authorization (review, log), while leaving all other CDR controllers — alerts, ajax, edit, add, detail, browse — accessible to any authenticated user. This allows any logged-in user to suppress clinical decision support alerts system-wide, delete or modify clinical plans, and edit rule configurations — all operations intended to require administrator privileges. This vulnerability is fixed in 8.0.0.1.",8.1,3.1,HIGH,2026-03-11
CVE-2025-69278,"In nr modem, there is a possible system crash due to improper input validation. This could lead to remote denial of service with no additional execution  privileges needed.",7.5,3.1,HIGH,2026-03-09
CVE-2025-61154,Heap buffer overflow vulnerability in LibreDWG versions v0.13.3.7571 up to v0.13.3.7835 allows a crafted DWG file to cause a Denial of Service (DoS) via the function decompress_R2004_section at decode.c.,6.5,3.1,MEDIUM,2026-03-12
CVE-2026-32041,"OpenClaw versions prior to 2026.3.1 fail to properly handle authentication bootstrap errors during startup, allowing browser-control routes to remain accessible without authentication. Local processes or loopback-reachable SSRF paths can exploit this to access browser-control routes including evaluate-capable actions without valid credentials.",7.8,3.1,HIGH,2026-03-19
CVE-2026-28727,"Local privilege escalation due to insecure Unix socket permissions. The following products are affected: Acronis Cyber Protect 17 (macOS) before build 41186, Acronis Cyber Protect Cloud Agent (macOS) before build 41124, Acronis True Image (macOS) before build 42902.",7.8,3.0,HIGH,2026-03-06
CVE-2026-31816,"Budibase is a low code platform for creating internal tools, workflows, and admin panels. In 3.31.4 and earlier, the Budibase server's authorized() middleware that protects every server-side API endpoint can be completely bypassed by appending a webhook path pattern to the query string of any request. The isWebhookEndpoint() function uses an unanchored regex that tests against ctx.request.url, which in Koa includes the full URL with query parameters. When the regex matches, the authorized() middleware immediately calls return next(), skipping all authentication, authorization, role checks, and CSRF protection. This means a completely unauthenticated, remote attacker can access any server-side API endpoint by simply appending ?/webhooks/trigger (or any webhook pattern variant) to the URL.",9.1,3.1,CRITICAL,2026-03-09
CVE-2026-30926,"SiYuan is a personal knowledge management system. Prior to 3.5.10, a privilege escalation vulnerability exists in the publish service of SiYuan Note that allows low-privilege publish accounts (RoleReader) to modify notebook content via the /api/block/appendHeadingChildren API endpoint. The endpoint requires only the model.CheckAuth role, which accepts RoleReader sessions, but it does not enforce stricter checks, such as CheckAdminRole or CheckReadonly. This allows remote authenticated publish users with read-only privileges to append new blocks to existing documents, compromising the integrity of stored notes.",7.1,3.1,HIGH,2026-03-10
CVE-2026-27337,Improper Control of Filename for Include/Require Statement in PHP Program ('PHP Remote File Inclusion') vulnerability in AncoraThemes Chronicle - Lifestyle Magazine & Blog WordPress Theme chronicle allows PHP Local File Inclusion.This issue affects Chronicle - Lifestyle Magazine & Blog WordPress Theme: from n/a through <= 1.0.,8.1,3.1,HIGH,2026-03-05
CVE-2026-32462,Improper Neutralization of Input During Web Page Generation ('Cross-site Scripting') vulnerability in Liton Arefin Master Addons for Elementor master-addons allows DOM-Based XSS.This issue affects Master Addons for Elementor: from n/a through <= 2.1.3.,5.9,3.1,MEDIUM,2026-03-13
CVE-2026-31970,"HTSlib is a library for reading and writing bioinformatics file formats. GZI files are used to index block-compressed GZIP [BGZF] files.  In the GZI loading function, `bgzf_index_load_hfile()`, it was possible to trigger an integer overflow, leading to an under- or zero-sized buffer being allocated to store the index.  Sixteen zero bytes would then be written to this buffer, and, depending on the result of the overflow the rest of the file may also be loaded into the buffer as well.  If the function did attempt to load the data, it would eventually fail due to not reading the expected number of records, and then try to free the overflowed heap buffer. Exploiting this bug causes a heap buffer overflow. If a user opens a file crafted to exploit this issue, it could lead to the program crashing, or overwriting of data and heap structures in ways not expected by the program.  It may be possible to use this to obtain arbitrary code execution. Versions 1.23.1, 1.22.2 and 1.21.1 include fixes for this issue. The easiest work-around is to discard any `.gzi` index files from untrusted sources, and use the `bgzip -r` option to recreate them.",8.1,3.1,HIGH,2026-03-18
CVE-2026-25884,"Exiv2 is a C++ library and a command-line utility to read, write, delete and modify Exif, IPTC, XMP and ICC image metadata. Prior to version 0.28.8, an out-of-bounds read was found. The vulnerability is in the CRW image parser. This issue has been patched in version 0.28.8.",8.1,3.1,HIGH,2026-03-02
CVE-2026-22204,"wpDiscuz before 7.6.47 contains an email header injection vulnerability that allows attackers to manipulate mail recipients by injecting malicious data into the comment_author_email cookie. Attackers can craft a malicious cookie value that, when processed through urldecode() and passed to wp_mail() functions, enables header injection to alter email recipients or inject additional headers.",5.3,3.1,MEDIUM,2026-03-13
CVE-2026-27439,Deserialization of Untrusted Data vulnerability in ThemeREX Dentario dentario allows Object Injection.This issue affects Dentario: from n/a through <= 1.5.,9.8,3.1,CRITICAL,2026-03-05
CVE-2026-27566,OpenClaw versions prior to 2026.2.22 contain an allowlist bypass vulnerability in system.run exec analysis that fails to unwrap env and shell-dispatch wrapper chains. Attackers can route execution through wrapper binaries like env bash to smuggle payloads that satisfy allowlist entries while executing non-allowlisted commands.,8.8,3.1,HIGH,2026-03-19
CVE-2026-31895,"WeGIA is a web manager for charitable institutions. Prior to version 3.6.6, WeGIA (Web gerenciador para instituições assistenciais) contains a SQL injection vulnerability in html/matPat/restaurar_produto.php. The id_produto parameter from $_GET is directly interpolated into SQL queries without parameterization or sanitization. This vulnerability is fixed in 3.6.6.",8.8,3.1,HIGH,2026-03-11
CVE-2026-28107,Improper Control of Filename for Include/Require Statement in PHP Program ('PHP Remote File Inclusion') vulnerability in ThemeREX Muzicon muzicon allows PHP Local File Inclusion.This issue affects Muzicon: from n/a through <= 1.9.0.,8.1,3.1,HIGH,2026-03-05
CVE-2026-27242,Adobe Experience Manager versions 6.5.23 and earlier are affected by a stored Cross-Site Scripting (XSS) vulnerability that could be abused by a low-privileged attacker to inject malicious scripts into vulnerable form fields. Malicious JavaScript may be executed in a victim’s browser when they browse to the page containing the vulnerable field.,5.4,3.1,MEDIUM,2026-03-11
CVE-2026-32121,"OpenEMR is a free and open source electronic health records and medical practice management application. Prior to 8.0.0.1,  Stored XSS in prescription CSS/HTML print view via patient demographics. That finding involves server-side rendering of patient names via raw PHP echo. This finding involves client-side DOM-based rendering via jQuery .html() in a completely different component (portal/sign/assets/signer_api.js). The two share the same root cause (unsanitized patient names in patient_data), but they have different sinks, different affected components, different trigger actions, and require independent fixes. This vulnerability is fixed in 8.0.0.1.",5.4,3.1,MEDIUM,2026-03-11
CVE-2026-30228,"Parse Server is an open source backend that can be deployed to any infrastructure that can run Node.js. Prior to versions 8.6.5 and 9.5.0-alpha.3, the readOnlyMasterKey can be used to create and delete files via the Files API (POST /files/:filename, DELETE /files/:filename). This bypasses the read-only restriction which violates the access scope of the readOnlyMasterKey. Any Parse Server deployment that uses readOnlyMasterKey and exposes the Files API is affected. An attacker with access to the readOnlyMasterKey can upload arbitrary files or delete existing files. This issue has been patched in versions 8.6.5 and 9.5.0-alpha.3.",4.9,3.1,MEDIUM,2026-03-06
CVE-2026-25689,"An improper neutralization of argument delimiters in a command ('argument injection') vulnerability in Fortinet FortiDeceptor 6.2.0, FortiDeceptor 6.0 all versions, FortiDeceptor 5.3 all versions, FortiDeceptor 5.2 all versions, FortiDeceptor 5.1 all versions, FortiDeceptor 5.0 all versions, FortiDeceptor 4.3 all versions, FortiDeceptor 4.2 all versions, FortiDeceptor 4.1 all versions, FortiDeceptor 4.0 all versions may allow a privileged attacker with super-admin profile and CLI access to delete sensitive files via crafted HTTP requests.",6.5,3.1,MEDIUM,2026-03-10
CVE-2025-54820,"A Stack-based Buffer Overflow vulnerability [CWE-121] vulnerability in Fortinet FortiManager 7.4.0 through 7.4.2, FortiManager 7.2.0 through 7.2.10, FortiManager 6.4 all versions may allow a remote unauthenticated attacker to execute unauthorized commands via crafted requests, if the service is enabled. The success of the attack depends on the ability to bypass the stack protection mechanisms.",8.1,3.1,HIGH,2026-03-10
CVE-2026-4254,A weakness has been identified in Tenda AC8 up to 16.03.50.11. This vulnerability affects the function doSystemCmd of the file /goform/SysToolChangePwd of the component HTTP Endpoint. This manipulation of the argument local_2c causes stack-based buffer overflow. The attack can be initiated remotely. The exploit has been made available to the public and could be used for attacks.,9.8,3.1,CRITICAL,2026-03-16
CVE-2026-30797,"Missing Authorization vulnerability in rustdesk-client RustDesk Client rustdesk-client on Windows, MacOS, Linux, iOS, Android (Flutter URI scheme handler, config import modules) allows Application API Message Manipulation via Man-in-the-Middle. This vulnerability is associated with program files flutter/lib/common.Dart and program routines importConfig() via URI handler.

This issue affects RustDesk Client: through 1.4.5.",8.1,3.1,HIGH,2026-03-05
CVE-2026-2589,"The Greenshift – animation and page builder blocks plugin for WordPress is vulnerable to Sensitive Information Exposure in all versions up to, and including, 12.8.3 via the automated Settings Backup stored in a publicly accessible file. This makes it possible for unauthenticated attackers to extract sensitive data including the configured OpenAI, Claude, Google Maps, Gemini, DeepSeek, and Cloudflare Turnstile API keys.",5.3,3.1,MEDIUM,2026-03-06
CVE-2026-2421,"The ilGhera Carta Docente for WooCommerce plugin for WordPress is vulnerable to Path Traversal in all versions up to, and including, 1.5.0 via the 'cert' parameter of the 'wccd-delete-certificate' AJAX action. This is due to insufficient file path validation before performing a file deletion. This makes it possible for authenticated attackers, with Administrator-level access and above, to delete arbitrary files on the server, such as wp-config.php, which can make site takeover and remote code execution possible.",6.5,3.1,MEDIUM,2026-03-20
CVE-2025-62845,"An improper neutralization of escape, meta, or control sequences vulnerability has been reported to affect QHora. If a local attacker gains an administrator account, they can then exploit the vulnerability to cause unexpected behavior.

We have already fixed the vulnerability in the following version:
QuRouter 2.6.3.009 and later",6.7,3.1,MEDIUM,2026-03-20
CVE-2026-26795,GL-iNet GL-AR300M16 v4.3.11 was discovered to contain a command injection vulnerability via the module parameter in the M.get_system_log function. This vulnerability allows attackers to execute arbitrary commands via a crafted input.,9.8,3.1,CRITICAL,2026-03-12
CVE-2026-27274,Substance3D - Stager versions 3.1.7 and earlier are affected by an out-of-bounds write vulnerability that could result in arbitrary code execution in the context of the current user. Exploitation of this issue requires user interaction in that a victim must open a malicious file.,7.8,3.1,HIGH,2026-03-10
CVE-2026-21002,Improper verification of cryptographic signature in Galaxy Store prior to version 4.6.03.8 allows local attacker to install arbitrary application.,5.5,3.1,MEDIUM,2026-03-16
CVE-2026-3099,"A flaw was found in Libsoup. The server-side digest authentication implementation in the SoupAuthDomainDigest class does not properly track issued nonces or enforce the required incrementing nonce-count (nc) attribute. This vulnerability allows a remote attacker to capture a single valid authentication header and replay it repeatedly. Consequently, the attacker can bypass authentication and gain unauthorized access to protected resources, impersonating the legitimate user.",7.3,3.1,HIGH,2026-03-12
CVE-2025-14558,"The rtsol(8) and rtsold(8) programs do not validate the domain search list options provided in router advertisement messages; the option body is passed to resolvconf(8) unmodified.

resolvconf(8) is a shell script which does not validate its input.  A lack of quoting meant that shell commands pass as input to resolvconf(8) may be executed.",7.2,3.1,HIGH,2026-03-09
CVE-2026-4227,A security vulnerability has been detected in LB-LINK BL-WR9000 2.4.9. The impacted element is the function sub_44D844 of the file /goform/get_hidessid_cfg. The manipulation leads to buffer overflow. It is possible to initiate the attack remotely. The exploit has been disclosed publicly and may be used. The vendor was contacted early about this disclosure but did not respond in any way.,7.5,3.1,HIGH,2026-03-16
CVE-2025-69648,"GNU Binutils thru 2.45.1 readelf contains a denial-of-service vulnerability when processing a crafted binary with malformed DWARF .debug_rnglists data. A logic flaw in the DWARF parsing path causes readelf to repeatedly print the same warning message without making forward progress, resulting in a non-terminating output loop that requires manual interruption. No evidence of memory corruption or code execution was observed.",6.2,3.1,MEDIUM,2026-03-09
CVE-2025-45691,An Arbitrary File Read vulnerability exists in the ImageTextPromptValue class in Exploding Gradients RAGAS v0.2.3 to v0.2.14. The vulnerability stems from improper validation and sanitization of URLs supplied in the retrieved_contexts parameter when handling multimodal inputs.,7.5,3.1,HIGH,2026-03-05
CVE-2026-30578,"File Thinghie 2.5.7 is vulnerable to Cross Site Scripting (XSS). A malicious user can leverage the ""dir"" parameter of the GET request to invoke arbitrary javascript code.",6.5,3.1,MEDIUM,2026-03-20
CVE-2026-3964,A weakness has been identified in OpenAkita up to 1.24.3. This impacts the function run of the file src/openakita/tools/shell.py of the component Chat API Endpoint. Executing a manipulation of the argument Message can lead to os command injection. The attack is restricted to local execution. The exploit has been made available to the public and could be used for attacks. The vendor was contacted early about this disclosure but did not respond in any way.,5.3,3.1,MEDIUM,2026-03-11
CVE-2025-11158,"Hitachi Vantara Pentaho Data Integration & Analytics versions before 10.2.0.6, including 9.3.x and 8.3.x, do not restrict Groovy scripts in new PRPT reports published by users, allowing insertion of arbitrary scripts and leading to a RCE.",9.1,3.1,CRITICAL,2026-03-10
CVE-2026-32873,"ewe is a Gleam web server. Versions 0.8.0 through 3.0.4 contain a bug in the handle_trailers function where rejected trailer headers (forbidden or undeclared) cause an infinite loop. When handle_trailers encounters such a trailer, three code paths (lines 520, 523, 526) recurse with the original buffer (rest) instead of advancing past the rejected header (Buffer(header_rest, 0)), causing decoder.decode_packet to re-parse the same header on every iteration. The resulting loop has no timeout or escape — the BEAM process permanently wedges at 100% CPU. Any application that calls ewe.read_body on chunked requests is affected, and this is exploitable by any unauthenticated remote client before control returns to application code, making an application-level workaround impossible. This issue is fixed in version 3.0.5.",7.5,3.1,HIGH,2026-03-20
CVE-2026-31800,"Parse Server is an open source backend that can be deployed to any infrastructure that can run Node.js. Prior to 9.5.2-alpha.12 and 8.6.25, the _GraphQLConfig and _Audience internal classes can be read, modified, and deleted via the generic /classes/_GraphQLConfig and /classes/_Audience REST API routes without master key authentication. This bypasses the master key enforcement that exists on the dedicated /graphql-config and /push_audiences endpoints. An attacker can read, modify and delete GraphQL configuration and push audience data. This vulnerability is fixed in 9.5.2-alpha.12 and 8.6.25.",9.1,3.1,CRITICAL,2026-03-10
CVE-2025-62403,"An out-of-bounds read vulnerability exists in the EMF functionality of Canva Affinity. By using a specially crafted EMF file, an attacker could exploit this vulnerability to perform an out-of-bounds read, potentially leading to the disclosure of sensitive information.",7.1,3.1,HIGH,2026-03-17
CVE-2024-50337,"Chamilo is a learning management system. Prior to version 1.11.28, the OpenId function allows anyone to send requests to any URL on server's behalf, which results in unauthenticated blind SSRF. This issue has been patched in version 1.11.28.",5.3,3.1,MEDIUM,2026-03-02
CVE-2019-25513,Jettweb PHP Hazir Haber Sitesi Scripti V3 contains an SQL injection vulnerability that allows unauthenticated attackers to manipulate database queries by injecting SQL code through the 'q' parameter. Attackers can send GET requests to datagetir.php with malicious 'q' values using time-based blind SQL injection techniques to extract sensitive database information or bypass authentication.,9.8,3.1,CRITICAL,2026-03-12
CVE-2026-33165,"libde265 is an open source implementation of the h.265 video codec. Prior to version 1.0.17, a crafted HEVC bitstream causes an out-of-bounds heap write confirmed by AddressSanitizer. The trigger is a stale ctb_info.log2unitSize after an SPS change where PicWidthInCtbsY and PicHeightInCtbsY stay constant but Log2CtbSizeY changes, causing set_SliceHeaderIndex to index past the allocated image metadata array and write 2 bytes past the end of a heap allocation. This issue has been patched in version 1.0.17.",5.0,3.1,MEDIUM,2026-03-20
CVE-2026-32027,"OpenClaw versions prior to 2026.2.26 contain an authorization bypass vulnerability where DM pairing-store identities are incorrectly eligible for group allowlist authorization checks. Attackers can exploit this cross-context authorization flaw by using a sender approved via DM pairing to satisfy group sender allowlist checks without explicit presence in groupAllowFrom, bypassing group message access controls.",6.5,3.1,MEDIUM,2026-03-19
CVE-2026-31817,"OliveTin gives access to predefined shell commands from a web interface. Prior to 3000.11.2, when the saveLogs feature is enabled, OliveTin persists execution log entries to disk. The filename used for these log files is constructed in part from the user-supplied UniqueTrackingId field in the StartAction API request. This value is not validated or sanitized before being used in a file path, allowing an attacker to use directory traversal sequences (e.g., ../../../) to write files to arbitrary locations on the filesystem. This vulnerability is fixed in 3000.11.2.",8.5,3.1,HIGH,2026-03-10
CVE-2026-23236,"In the Linux kernel, the following vulnerability has been resolved:

fbdev: smscufx: properly copy ioctl memory to kernelspace

The UFX_IOCTL_REPORT_DAMAGE ioctl does not properly copy data from
userspace to kernelspace, and instead directly references the memory,
which can cause problems if invalid data is passed from userspace.  Fix
this all up by correctly copying the memory before accessing it within
the kernel.",5.5,3.1,MEDIUM,2026-03-04
CVE-2026-4230,A vulnerability has been found in vanna-ai vanna up to 2.0.2. Affected is the function update_sql of the file src/vanna/legacy/flask/__init__.py of the component Endpoint. Such manipulation leads to sql injection. The attack can be launched remotely. The exploit has been disclosed to the public and may be used. The vendor was contacted early about this disclosure but did not respond in any way.,6.3,3.1,MEDIUM,2026-03-16
CVE-2025-12454,"Improper neutralization of input during web page generation ('cross-site scripting') vulnerability in OpenText™ Vertica allows Reflected XSS. 
The vulnerability could lead to Reflected XSS attack of cross-site scripting in Vertica management console application.This issue affects Vertica: from 10.0 through 10.X, from 11.0 through 11.X, from 12.0 through 12.X, from 23.0 through 23.X, from 24.0 through 24.X, from 25.1.0 through 25.1.X.",6.1,3.1,MEDIUM,2026-03-13
CVE-2026-3266,"Missing Authorization vulnerability in OpenText™ Filr allows Authentication Bypass. The vulnerability could allow unauthenticated users to get XSRF token and do RPC with carefully crafted programs.

This issue affects Filr: through 25.1.2.",9.8,3.1,CRITICAL,2026-03-03
CVE-2026-28405,"MarkUs is a web application for the submission and grading of student assignments. Prior to version 2.9.1, the courses/<:course_id>/assignments/<:assignment_id>/submissions/html_content route reads the contents of a student-submitted file and renders them without sanitization. This issue has been patched in version 2.9.1.",5.4,3.1,MEDIUM,2026-03-05
CVE-2026-29609,OpenClaw versions prior to 2026.2.14 contain a denial of service vulnerability in the fetchWithGuard function that allocates entire response payloads in memory before enforcing maxBytes limits. Remote attackers can trigger memory exhaustion by serving oversized responses without content-length headers to cause availability loss.,7.5,3.1,HIGH,2026-03-05
CVE-2026-27437,Deserialization of Untrusted Data vulnerability in ThemeREX Tennis Club tennis-sportclub allows Object Injection.This issue affects Tennis Club: from n/a through <= 1.2.3.,9.8,3.1,CRITICAL,2026-03-05
CVE-2026-21361,"Adobe Commerce versions 2.4.9-alpha3, 2.4.8-p3, 2.4.7-p8, 2.4.6-p13, 2.4.5-p15, 2.4.4-p16 and earlier are affected by a stored Cross-Site Scripting (XSS) vvulnerability that could be abused by a high-privileged attacker to inject malicious scripts into vulnerable form fields. Malicious JavaScript may be executed in a victim’s browser when they browse to the page containing the vulnerable field. A successful attacker can abuse this to achieve session takeover, increasing the confidentiality, and integrity impact to high. Exploitation of this issue requires user interaction in that a victim must browse to the page containing the vulnerable field.",8.1,3.1,HIGH,2026-03-11
CVE-2018-25196,ServerZilla 1.0 contains an SQL injection vulnerability that allows unauthenticated attackers to manipulate database queries by injecting SQL code through the email parameter. Attackers can send POST requests to reset.php with malicious email values containing SQL operators to bypass authentication and extract sensitive database information.,8.2,3.1,HIGH,2026-03-06
CVE-2026-28709,"Unauthorized resource manipulation due to improper authorization checks. The following products are affected: Acronis Cyber Protect 17 (Linux, Windows) before build 41186.",4.3,3.1,MEDIUM,2026-03-06
CVE-2025-13726,IBM Sterling Partner Engagement Manager 6.2.3.0 through 6.2.3.5 and 6.2.4.0 through 6.2.4.2 could allow a remote attacker to obtain sensitive information when detailed technical error messages are returned. This information could be used in further attacks against the system.,7.5,3.1,HIGH,2026-03-13
CVE-2025-70616,"A stack buffer overflow vulnerability exists in the Wincor Nixdorf wnBios64.sys kernel driver (version 1.2.0.0) in the IOCTL handler for code 0x80102058. The vulnerability is caused by missing bounds checking on the user-controlled Options parameter before copying data into a 40-byte stack buffer (Src[40]) using memmove. An attacker with local access can exploit this vulnerability by sending a crafted IOCTL request with Options > 40, causing a stack buffer overflow that may lead to kernel code execution, local privilege escalation, or denial of service (system crash). Additionally, the same IOCTL handler can leak kernel addresses and other sensitive stack data when reading beyond the buffer boundaries.",7.8,3.1,HIGH,2026-03-05
CVE-2026-30885,"WWBN AVideo is an open source video platform. Prior to 25.0, the /objects/playlistsFromUser.json.php endpoint returns all playlists for any user without requiring authentication or authorization. An unauthenticated attacker can enumerate user IDs and retrieve playlist information including playlist names, video IDs, and playlist status for any user on the platform. This vulnerability is fixed in 25.0.",5.3,3.1,MEDIUM,2026-03-10
CVE-2025-58112,"Microsoft Dynamics 365 Customer Engagement (on-premises) 1612 (9.0.2.3034) allows the generation of customized reports via raw SQL queries in an upload of a .rdl (Report Definition Language) file; this is then processed by the SQL Server Reporting Service. An account with the privilege Add Reporting Services Reports can upload a malicious rdl file. If the malicious rdl file is already loaded and it is executable by the user, the Add Reporting Services Reports privilege is not required. A malicious actor can trigger the generation of the report, causing the execution of arbitrary SQL commands in the underlying database. Depending on the permissions of the account running SQL Server Reporting Services, the attacker may be able to perform additional actions, such as accessing linked servers or executing operating system commands.",8.8,3.1,HIGH,2026-03-18
CVE-2026-31807,"SiYuan is a personal knowledge management system. Prior to 3.5.10, SiYuan's SVG sanitizer (SanitizeSVG) blocks dangerous elements (<script>, <iframe>, <foreignobject>) and removes on* event handlers and javascript: in href attributes. However, it does NOT block SVG animation elements (<animate>, <set>) which can dynamically set attributes to dangerous values at runtime, bypassing the static sanitization. This allows an attacker to inject executable JavaScript into the unauthenticated /api/icon/getDynamicIcon endpoint (type=8), creating a reflected XSS. This is a bypass of the fix for CVE-2026-29183 (fixed in v3.5.9). This vulnerability is fixed in v3.5.10.",6.1,3.1,MEDIUM,2026-03-10
CVE-2026-20994,URL redirection in Samsung Account prior to version 15.5.01.1 allows local attackers to potentially get access token.,6.1,3.1,MEDIUM,2026-03-16
CVE-2018-25164,EverSync 0.5 contains an arbitrary file download vulnerability that allows unauthenticated attackers to access sensitive files by requesting them directly from the files directory. Attackers can send GET requests to the files directory to download database files like db.sq3 containing application data and credentials.,7.5,3.1,HIGH,2026-03-06
CVE-2026-28542,Permission bypass vulnerability in the system service framework. Impact: Successful exploitation of this vulnerability may affect availability.,5.5,3.1,MEDIUM,2026-03-05
CVE-2025-52469,"Chamilo is a learning management system. Prior to version 1.11.30, a logic vulnerability in the friend request workflow of Chamilo’s social network module allows an authenticated user to forcibly add any user as a friend by directly calling the AJAX endpoint. The attacker can bypass the normal flow of sending and accepting friend requests, and even add non-existent users. This breaks access control and social interaction logic, with potential privacy implications. This issue has been patched in version 1.11.30.",7.1,3.1,HIGH,2026-03-02
CVE-2026-28360,"NocoDB is software for building databases as spreadsheets. Prior to version 0.301.3, shared view passwords were stored in plaintext in the database and compared using direct string equality. This issue has been patched in version 0.301.3.",5.3,3.1,MEDIUM,2026-03-02
CVE-2026-3412,A vulnerability was detected in itsourcecode University Management System 1.0. This affects an unknown part of the file /att_single_view.php. The manipulation of the argument dt results in cross site scripting. The attack can be executed remotely. The exploit is now public and may be used.,6.1,3.1,MEDIUM,2026-03-02
CVE-2026-28033,Improper Control of Filename for Include/Require Statement in PHP Program ('PHP Remote File Inclusion') vulnerability in ThemeREX Edifice edifice allows PHP Local File Inclusion.This issue affects Edifice: from n/a through <= 1.8.,8.1,3.1,HIGH,2026-03-05
CVE-2026-30870,"PowerSync Service is the server-side component of the PowerSync sync engine. In version 1.20.0, when using new sync streams with config.edition: 3, certain subquery filters were ignored when determining which data to sync to users. Depending on the sync stream configuration, this could result in authenticated users syncing data that should have been restricted. Only queries that gate synchronization using subqueries without partitioning the result set are affected. This vulnerability is fixed in 1.20.1.",6.5,3.1,MEDIUM,2026-03-10
CVE-2026-28500,"Open Neural Network Exchange (ONNX) is an open standard for machine learning interoperability. In versions up to and including 1.20.1, a security control bypass exists in onnx.hub.load() due to improper logic in the repository trust verification mechanism. While the function is designed to warn users when loading models from non-official sources, the use of the silent=True parameter completely suppresses all security warnings and confirmation prompts. This vulnerability transforms a standard model-loading function into a vector for Zero-Interaction Supply-Chain Attacks. When chained with file-system vulnerabilities, an attacker can silently exfiltrate sensitive files (SSH keys, cloud credentials) from the victim's machine the moment the model is loaded. As of time of publication, no known patched versions are available.",9.1,3.1,CRITICAL,2026-03-18
CVE-2026-28466,"OpenClaw versions prior to 2026.2.14 contain a vulnerability in the gateway in which it fails to sanitize internal approval fields in node.invoke parameters, allowing authenticated clients to bypass exec approval gating for system.run commands. Attackers with valid gateway credentials can inject approval control fields to execute arbitrary commands on connected node hosts, potentially compromising developer workstations and CI runners.",9.9,3.1,CRITICAL,2026-03-05
CVE-2026-24281,"Hostname verification in Apache ZooKeeper ZKTrustManager falls back to reverse DNS (PTR) when IP SAN validation fails, allowing attackers who control or spoof PTR records to impersonate ZooKeeper servers or clients with a valid certificate for the PTR name. It's important to note that attacker must present a certificate which is trusted by ZKTrustManager which makes the attack vector harder to exploit. Users are recommended to upgrade to version 3.8.6 or 3.9.5, which fixes this issue by introducing a new configuration option to disable reverse DNS lookup in client and quorum protocols.",7.4,3.1,HIGH,2026-03-07
CVE-2026-32617,"AnythingLLM is an application that turns pieces of content into context that any LLM can use as references during chatting. In 1.11.1 and earlier, On default installations where no password or API key has been configured, all HTTP endpoints and the agent WebSocket lack authentication, and the server's CORS policy accepts any origin. AnythingLLM Desktop binds to 127.0.0.1 (loopback) by default. Modern browsers (Chrome, Edge, Firefox) implement Private Network Access (PNA). This explicitly blocks public websites from making requests to local IP addresses. Exploitation is only viable from within the same local network (LAN) due to browser-level blocking of public-to-private requests.",7.5,3.1,HIGH,2026-03-16
CVE-2026-3334,"The CMS Commander plugin for WordPress is vulnerable to SQL Injection via the 'or_blogname', 'or_blogdescription', and 'or_admin_email' parameters in all versions up to, and including, 2.288. This is due to insufficient escaping on the user supplied parameters and lack of sufficient preparation on the existing SQL queries in the restore workflow. This makes it possible for authenticated attackers, with CMS Commander API key access, to append additional SQL queries into already existing queries that can be used to extract sensitive information from the database.",8.8,3.1,HIGH,2026-03-21
CVE-2026-4302,"The WowOptin: Next-Gen Popup Maker plugin for WordPress is vulnerable to Server-Side Request Forgery in all versions up to, and including, 1.4.29. This is due to the plugin exposing a publicly accessible REST API endpoint (optn/v1/integration-action) with a permission_callback of __return_true that passes user-supplied URLs directly to wp_remote_get() and wp_remote_post() in the Webhook::add_subscriber() method without any URL validation or restriction. The plugin does not use wp_safe_remote_get/post which provide built-in SSRF protection. This makes it possible for unauthenticated attackers to make web requests to arbitrary locations originating from the web application, which can be used to query and modify information from internal services.",7.2,3.1,HIGH,2026-03-21
CVE-2026-3693,A flaw has been found in Shy2593666979 AgentChat up to 2.3.0. This issue affects the function get_user_info/update_user_info of the file /src/backend/agentchat/api/v1/user.py of the component User Endpoint. This manipulation of the argument user_id causes improper control of resource identifiers. It is possible to initiate the attack remotely. The exploit has been published and may be used. The vendor was contacted early about this disclosure but did not respond in any way.,7.3,3.1,HIGH,2026-03-08
CVE-2026-3922,Use after free in MediaStream in Google Chrome prior to 146.0.7680.71 allowed a remote attacker to potentially exploit heap corruption via a crafted HTML page. (Chromium security severity: High),8.8,3.1,HIGH,2026-03-11
CVE-2025-67618,Improper Neutralization of Input During Web Page Generation ('Cross-site Scripting') vulnerability in ArtstudioWorks Brookside allows Reflected XSS.This issue affects Brookside: from n/a through 1.4.,7.1,3.1,HIGH,2026-03-19
CVE-2026-2836,"A cache poisoning vulnerability has been found in the Pingora HTTP proxy framework’s default cache key construction. The issue occurs because the default HTTP cache key implementation generates cache keys using only the URI path, excluding critical factors such as the host header (authority). Operators relying on the default are vulnerable to cache poisoning, and cross-origin responses may be improperly served to users.


Impact

This vulnerability affects users of Pingora's alpha proxy caching feature who relied on the default CacheKey implementation. An attacker could exploit this for:

  *  Cross-tenant data leakage: In multi-tenant deployments, poison the cache so that users from one tenant receive cached responses from another tenant


  *  Cache poisoning attacks: Serve malicious content to legitimate users by poisoning shared cache entries




Cloudflare's CDN infrastructure was not affected by this vulnerability, as Cloudflare's default cache key implementation uses multiple factors to prevent cache key poisoning and never made use of the previously provided default.


Mitigation:

We strongly recommend Pingora users to upgrade to Pingora v0.8.0 or higher, which removes the insecure default cache key implementation. Users must now explicitly implement their own callback that includes appropriate factors such as Host header, origin server HTTP scheme, and other attributes their cache should vary on.


Pingora users on previous versions may also remove any of their default CacheKey usage and implement their own that should at minimum include the host header / authority and upstream peer’s HTTP scheme.",8.1,3.1,HIGH,2026-03-05
CVE-2026-31944,"LibreChat is a ChatGPT clone with additional features. From 0.8.2 to 0.8.2-rc3, The MCP (Model Context Protocol) OAuth callback endpoint accepts the redirect from the identity provider and stores OAuth tokens for the user who initiated the flow, without verifying that the browser hitting the redirect URL is logged in or that the logged-in user matches the initiator. An attacker can send the authorization URL to a victim; when the victim completes the flow, the victim’s OAuth tokens are stored on the attacker’s LibreChat account, enabling account takeover of the victim’s MCP-linked services (e.g. Atlassian, Outlook). This vulnerability is fixed in 0.8.3-rc1.",7.6,3.1,HIGH,2026-03-13
CVE-2026-32435,Missing Authorization vulnerability in vowelweb VW Pet Shop vw-pet-shop allows Exploiting Incorrectly Configured Access Control Security Levels.This issue affects VW Pet Shop: from n/a through <= 1.4.7.,5.3,3.1,MEDIUM,2026-03-13
CVE-2026-31972,"SAMtools is a program for reading, manipulating and writing bioinformatics file formats. The `mpileup` command outputs DNA sequences that have been aligned against a known reference. On each output line it writes the reference position, optionally the reference DNA base at that position (obtained from a separate file) and all of the DNA bases that aligned to that position. As the output is ordered by position, reference data that is no longer needed is discarded once it has been printed out. Under certain conditions the data could be discarded too early, leading to an attempt to read from a pointer to freed memory. This bug may allow information about program state to be leaked. It may also cause a program crash through an attempt to access invalid memory. This bug is fixed in versions 1.21.1 and 1.22. There is no workaround for this issue.",9.8,3.1,CRITICAL,2026-03-18
CVE-2025-70252,"An issue was discovered in /goform/WifiWpsStart in Tenda AC6V2.0 V15.03.06.23_multi. The index and mode are controllable. If the conditions are met to sprintf, they will be spliced into tmp. It is worth noting that there is no size check,which leads to a stack overflow vulnerability.",7.5,3.1,HIGH,2026-03-02
CVE-2026-28104,Missing Authorization vulnerability in Aryan Shirani Bid Abadi Site Suggest site-suggest allows Accessing Functionality Not Properly Constrained by ACLs.This issue affects Site Suggest: from n/a through <= 1.3.9.,6.5,3.1,MEDIUM,2026-03-05
CVE-2026-4440,Out of bounds read and write in WebGL in Google Chrome prior to 146.0.7680.153 allowed a remote attacker to perform arbitrary read/write via a crafted HTML page. (Chromium security severity: Critical),8.8,3.1,HIGH,2026-03-20
CVE-2026-32808,"pyLoad is a free and open-source download manager written in Python. Versions before 0.5.0b3.dev97 are vulnerable to path traversal during password verification of certain encrypted 7z archives (encrypted files with non-encrypted headers), causing arbitrary file deletion outside of the extraction directory. During password verification, pyLoad derives an archive entry name from 7z listing output and treats it as a filesystem path without constraining it to the extraction directory. This issue has been fixed in version 0.5.0b3.dev97.",8.1,3.1,HIGH,2026-03-20
CVE-2026-27935,"Discourse is an open-source discussion platform. Versions prior to 2026.3.0-latest.1, 2026.2.1, and 2026.1.2 have a vulnerability in an API endpoint that discloses private topic metadata of admin users to moderator users even if the moderators do not have access to the private topics. Versions 2026.3.0-latest.1, 2026.2.1, and 2026.1.2 contain a patch. No known workarounds are available.",6.5,3.1,MEDIUM,2026-03-19
CVE-2026-30848,"Parse Server is an open source backend that can be deployed to any infrastructure that can run Node.js. Prior to versions 8.6.8 and 9.5.0-alpha.8, the PagesRouter static file serving route is vulnerable to a path traversal attack that allows unauthenticated reading of files outside the configured pagesPath directory. The boundary check uses a string prefix comparison without enforcing a directory separator boundary. An attacker can use path traversal sequences to access files in sibling directories whose names share the same prefix as the pages directory (e.g. pages-secret starts with pages). This issue has been patched in versions 8.6.8 and 9.5.0-alpha.8.",3.7,3.1,LOW,2026-03-07
CVE-2019-25466,Easy File Sharing Web Server 7.2 contains a local structured exception handling buffer overflow vulnerability that allows local attackers to execute arbitrary code by creating a malicious username. Attackers can craft a username with a payload containing 4059 bytes of padding followed by a nseh value and seh pointer to trigger the overflow when adding a new user account.,8.4,3.1,HIGH,2026-03-11
CVE-2025-50188,"Chamilo is a learning management system. Prior to version 1.11.30, the application performs insufficient validation of data coming from the user from the GET value parameter with the following scripts: /plugin/vchamilo/views/syncparams.php and /plugin/vchamilo/ajax/service.php, which allows an attacker to perform an attack aimed at modifying the database query logic by injecting an arbitrary SQL statements. This issue has been patched in version 1.11.30.",7.2,3.1,HIGH,2026-03-02
CVE-2026-4148,A use-after-free vulnerability can be triggered in sharded clusters by an authenticated user with the read role who issues a specially crafted $lookup or $graphLookup aggregation pipeline.,8.8,3.1,HIGH,2026-03-17
CVE-2026-27801,"Vaultwarden is an unofficial Bitwarden compatible server written in Rust, formerly known as bitwarden_rs. Vaultwarden versions 1.34.3 and prior are susceptible to a 2FA bypass when performing protected actions. An attacker who gains authenticated access to a user’s account can exploit this bypass to perform protected actions such as accessing the user’s API key or deleting the user’s vault and organisations the user is an admin/owner of . This issue has been patched in version 1.35.0.",5.9,3.1,MEDIUM,2026-03-04
CVE-2026-26130,Allocation of resources without limits or throttling in ASP.NET Core allows an unauthorized attacker to deny service over a network.,7.5,3.1,HIGH,2026-03-10
CVE-2025-48630,"In drawLayersInternal of SkiaRenderEngine.cpp, there is a possible way to access the GPU cache due to side channel information disclosure. This could lead to local escalation of privilege with no additional execution privileges needed. User interaction is not needed for exploitation.",7.4,3.1,HIGH,2026-03-02
CVE-2025-69338,Improper Neutralization of Special Elements used in an SQL Command ('SQL Injection') vulnerability in don-themes Riode Core riode-core allows Blind SQL Injection.This issue affects Riode Core: from n/a through <= 1.6.26.,9.3,3.1,CRITICAL,2026-03-05
CVE-2026-28032,Improper Control of Filename for Include/Require Statement in PHP Program ('PHP Remote File Inclusion') vulnerability in ThemeREX Tuning tuning allows PHP Local File Inclusion.This issue affects Tuning: from n/a through <= 1.3.,8.1,3.1,HIGH,2026-03-05
CVE-2026-24063,"When a plugin is installed using the Arturia Software Center (MacOS), it also installs an uninstall.sh bash script in a root owned path. This script is written to disk with the file permissions 777, meaning it is writable by any user. When uninstalling a plugin via the Arturia Software Center the Privileged Helper gets instructed to execute this script. When the bash script is manipulated by an attacker this scenario will lead to privilege escalation.",8.2,3.1,HIGH,2026-03-18
CVE-2026-30402,An issue in wgcloud v.2.3.7 and before allows a remote attacker to execute arbitrary code via the test connection function,9.8,3.1,CRITICAL,2026-03-19
CVE-2026-32935,"phpseclib is a PHP secure communications library. Projects using versions 0.1.1 through 1.0.26, 2.0.0 through 2.0.51, and 3.0.0 through 3.0.49 are vulnerable to a to padding oracle timing attack when using AES in CBC mode. This issue has been fixed in versions 1.0.27, 2.0.52 and 3.0.50.",5.9,3.1,MEDIUM,2026-03-20
CVE-2026-3928,Insufficient policy enforcement in Extensions in Google Chrome prior to 146.0.7680.71 allowed an attacker who convinced a user to install a malicious extension to perform UI spoofing via a crafted Chrome Extension. (Chromium security severity: Medium),4.3,3.1,MEDIUM,2026-03-11
CVE-2026-3939,Insufficient policy enforcement in PDF in Google Chrome prior to 146.0.7680.71 allowed a remote attacker to bypass navigation restrictions via a crafted PDF file. (Chromium security severity: Low),5.3,3.1,MEDIUM,2026-03-11
CVE-2026-29086,"Hono is a Web application framework that provides support for any JavaScript runtime. Prior to version 4.12.4, the setCookie() utility did not validate semicolons (;), carriage returns (\r), or newline characters (\n) in the domain and path options when constructing the Set-Cookie header. Because cookie attributes are delimited by semicolons, this could allow injection of additional cookie attributes if untrusted input was passed into these fields. This issue has been patched in version 4.12.4.",5.4,3.1,MEDIUM,2026-03-04
CVE-2026-2461,"Mattermost Plugins versions <=11.3 11.0.3 11.2.2 10.10.11.0 fail to implement authorisation checks on comment block modifications, which allows an authorised attacker with editor permission to modify comments created by other board members.  Mattermost Advisory ID: MMSA-2025-00559",4.3,3.1,MEDIUM,2026-03-16
CVE-2026-32138,"NEXULEAN is a cybersecurity portfolio & service platform for an Ethical Hacker, AI Enthusiast, and Penetration Tester. Prior to 2.0.0, a security vulnerability was identified where Firebase and Web3Forms API keys were exposed. An attacker could use these keys to interact with backend services without authentication, potentially leading to unauthorized access to application resources and user data. This vulnerability is fixed in 2.0.0.",8.2,3.1,HIGH,2026-03-12
CVE-2026-32394,Missing Authorization vulnerability in PublishPress PublishPress Capabilities capability-manager-enhanced allows Exploiting Incorrectly Configured Access Control Security Levels.This issue affects PublishPress Capabilities: from n/a through <= 2.31.0.,4.3,3.1,MEDIUM,2026-03-13
CVE-2026-32122,"OpenEMR is a free and open source electronic health records and medical practice management application. Prior to 8.0.0.1, the Claim File Tracker feature exposes an AJAX endpoint that returns billing claim metadata (claim IDs, payer info, transmission logs). The endpoint does not enforce the same ACL as the main billing/claims workflow, so authenticated users without appropriate billing permissions can access this data. This vulnerability is fixed in 8.0.0.1.",4.3,3.1,MEDIUM,2026-03-11
CVE-2026-25590,"The GLPI Inventory Plugin handles network discovery, inventory, software deployment, and data collection for GLPI agents. Prior to 1.6.6, there is a reflected XSS vulnerability in task jobs. This vulnerability is fixed in 1.6.6.",6.1,3.1,MEDIUM,2026-03-03
CVE-2026-2378,"ArcSearch for Android versions prior to 1.12.7 could display a different domain in the address bar than the content being shown, enabling address bar spoofing after user interaction via crafted web content.",6.5,3.1,MEDIUM,2026-03-20
CVE-2026-2289,"The Taskbuilder plugin for WordPress is vulnerable to Stored Cross-Site Scripting via admin settings in all versions up to, and including, 5.0.3 due to insufficient input sanitization and output escaping. This makes it possible for authenticated attackers, with administrator-level permissions and above, to inject arbitrary web scripts in pages that will execute whenever a user accesses an injected page. This only affects multi-site installations and installations where unfiltered_html has been disabled.",4.4,3.1,MEDIUM,2026-03-04
CVE-2026-33321,"OpenEMR is a free and open source electronic health records and medical practice management application. Prior to 8.0.0.2, users with the `Notes - my encounters` role can fill Eye Exam forms in patient encounters. The answers to the form can be printed out in PDF form. An Out-of-Band Server-Side Request Forgery (OOB SSRF) vulnerability was identified in the PDF creation function where the form answers are parsed as unescaped HTML, allowing an attacker to forge requests from the server made to external or internal resources. Version 8.0.0.2 fixes the issue.",7.6,3.1,HIGH,2026-03-19
CVE-2026-30902,Improper Privilege Management in certain Zoom Clients for Windows may allow an authenticated user to conduct an escalation of privilege via local access.,7.8,3.1,HIGH,2026-03-11
CVE-2026-3610,"A vulnerability was found in HSC Cybersecurity Mailinspector up to 5.3.2-3. Affected by this issue is some unknown functionality of the file /mailinspector/mliUserValidation.php of the component URL Handler. The manipulation of the argument error_description results in cross site scripting. The attack may be performed from remote. The exploit has been made public and could be used. Upgrading to version 5.4.0 can resolve this issue. You should upgrade the affected component. The vendor was contacted early and responded very professional: ""We have already implemented the fix and made a hotfix available to affected customers, ensuring mitigation while the official release 5.4.0 has not yet been published. This allows customers to address the issue immediately, outside the regular release cycle.""",4.3,3.1,MEDIUM,2026-03-06
CVE-2026-32954,"ERP is a free and open source Enterprise Resource Planning tool. In versions prior to 16.8.0 and 15.100.0, certain endpoints were vulnerable to time-based and boolean-based blind SQL injection due to insufficient parameter validation, allowing attackers to infer database information. This issue has been fixed in versions 15.100.0 and 16.8.0.",7.5,3.1,HIGH,2026-03-20
CVE-2026-28552,Out-of-bounds write vulnerability in the IMS module. Impact: Successful exploitation of this vulnerability may affect availability.,7.5,3.1,HIGH,2026-03-05
CVE-2026-32317,"Cryptomator for Android offers multi-platform transparent client-side encryption for files in the cloud. Prior to version 1.12.3, an integrity check vulnerability allows an attacker tamper with the vault configuration file leading to a man-in-the-middle vulnerability in Hub key loading mechanism. Before this fix, the client trusted endpoints from the vault config without host authenticity checks, which could allow token exfiltration by mixing a legitimate auth endpoint with a malicious API endpoint. Impacted are users unlocking Hub-backed vaults with affected client versions in environments where an attacker can alter the vault.cryptomator file. This issue has been patched in version 1.12.3.",5.9,3.1,MEDIUM,2026-03-20
